name,town,county,tier
3D Coffee (Oadby) Limited T/A Costa Coffee,Dartford,Kent,0
ABB Limited,Daresbury,Warrington,0
AbilityNet,Reading,Berkshire,0
Advance HE,York,,0
Amhaus Limited T/A Costa Coffee,Woodford Green,Essex,0
AQA Education,Manchester,,0
Arden University,Coventry,West Midlands,0
Bank of New York Mellon,London,,0
BibliU Limited,London,,0
Birmingham City University,Birmingham,West Midlands,0
BLACKBOARD (UK) LIMITED,Hampton,,0
BPP Technical Services Ltd.,London,,0
BPP University,London,,0
BT Group,London,,0
Building Performance Prediction Ltd T/A BPP Energy,Belfast,,0
Cambridge University Press & Assessment,Cambridge,,0
City & Guilds Limited,London,,0
Coffee Kahawa Ltd T/A Costa Coffee,London,,0
Costa Chiropractic,Bathgate,,0
Costa Limited,High Wycombe,Buckinghamshire,0
Coursera UK Limited,London,,0
D2L Europe Limited,London,,0
Dan Pearson Studio,London,,0
DJM Enterprises Ltd T/A Wellington Service Station (Esso/Londis/Costa),London,,0
Docebo UK Limited,London,,0
Elemis,London,,0
Executive Coffee Ltd TA Costa Coffee,Manchester,,0
FutureLearn Limited,London,,0
Gowling WLG (UK) LLP,Birmingham,,0
Hastings Insurance Services Limited,Bexhill-on-Sea,East Sussex,0
Henry Costa Partners Limited,London,,0
IDP Connect Ltd,London,,0
imperial college dental practice,London,,0
Imperial College Healthcare NHS Trust,London,,0
Imperial College London (HR),London,,0
Instructure Global Limited,London,,0
Jisc,Bristol,,0
John Crane UK Limited,Slough,Berkshire,0
"JPMorgan Chase Bank, National Association",London,,0
Kaplan Care Limited,Carnforth,,0
Kaplan Financial Limited,London,,0
Kaplan International Colleges U.K. Limited,London,,0
KAPLAN PROPERTY SOLUTIONS LTD,London,,0
KAPLAN'S CAFE (COLEFORD) LTD,COLEFORD,,0
Kingfisher PLC,London,,0
Kortext Limited,Bournemouth,,0
L'Occitane Limited,London,London,0
MANCHESTER METROPOLITAN UNIVERSITY,Manchester,Greater Manchester,0
Martins Costa Immigration Ltd,LONDON,,0
Multiverse Group Limited,London,,0
Navitas Digital Safety Ltd,Coalville,,0
Navitas Life Sciences Limited,Portsmouth,Hampshire,0
Navitas Petroleum Development and Production Ltd,London,,0
Navitas UK Holdings Limited,Abingdon,,0
NTT Data Business Solutions Limited,London,,0
NTT DATA Services UK Limited,London,,0
NTT DATA UK LIMITED,London,,0
Oxford International Education & Travel Ltd,London,,0
Oxford International School,Oxford,Oxfordshire,0
Oxford International Study Abroad Programme Ltd,Oxford,,0
Oxford University Press,Oxford,Oxon,0
Pearson Edexcel Limited,London,,0
Pearson Engineering Ltd,Newcastle upon Tyne,,0
Pearson Farming Ltd,Abergele,Conwy,0
Pearson Ham Group Limited,London,,0
Pearson Lloyd Design Consultancy Limited,London,,0
PEARSON LOCKE LTD,Manchester,,0
Pearson plc,London,,0
PEARSON SPECTER LTD/ PEARSON DEVELOPERS,Oxford,,0
Perlego Ltd,London,,0
QS Quacquarelli Symonds Ltd,London,,0
Sage Publications Ltd,London,,0
Save The Children International,LONDON,,0
Save the Children UK,Farringdon,LONDON,0
Sparx Communications Ltd T/A Aspectus PR,London,,0
Studiosity Limited,London,,0
Study Group Limited,Brighton,,0
Suez Advanced Solutions UK Limited,Maidenhead,,0
SUEZ Recycling and Recovery UK Ltd,Maidenhead,Berkshire,0
The City & Guilds of London Institute,London,,0
The Digital Accessibility Centre limited,Llandarcy,Neath port Talbot,0
The Open University,Milton Keynes,Buckinghamshire,0
The Quality Assurance Agency of Higher Education,Gloucester,Gloucestershire,0
The UCL Academy,London,,0
The Wellcome Trust Limited (as Trustee of the Wellcome Trust),London,,0
Turnitin UK LTD,Newcastle Upon Tyne,,0
UCL Business Ltd,London,,0
UCL Consultants Ltd,London,Select a state,0
UCL ENERGY GROUP LIMITED,London,,0
UCL SWIFT LTD,London,,0
UK Study Group Ltd,London,,0
Unibuddy Limited,LONDON,,0
University College London,London,,0
University College London Hospitals NHS Foundation Trust,London,,0
Zoonou Limited,Eastbourne,East Sussex,0
0xA Technologies Ltd,London,,3
10 DAYS STUDIO LTD,London,,3
101 Studios UK Limited,London,,3
10X Banking Technology Services Ltd,London,,3
1416 DIGITAL LTD,London,,3
1771 Technologies Limited,London,,3
1854 Media Limited,London,,3
1ST TRANSPORT INNOVATION (READING) LTD,Reading,,3
2020 Innovation Training Limited,Birmingham,West Midlands,3
21 Six Platform Limited,London,,3
22one Technologies Limited,London,,3
2e Systems Ltd,Frimley,Surrey,3
2SD Technologies Limited,London,,3
36.7 Studio LTD,London,,3
3B DIGITAL LTD,LONDON,,3
3d Innovations Ltd.,London,,3
3D Systems Europe Ltd,Hemel Hempstead,Hertfordshire,3
3dMD Technologies Limited,London,,3
4 Net Technologies LTD (t/a FourNet),Manchester,Greater Manchester,3
42 Technology Limited,Cambourne,Cambridge,3
42Gears Mobility Systems (UK) Ltd,Manchester,Greater Manchester,3
4C LABS LTD,London,,3
542 Digital Limited,London,,3
59 Studio Ltd,London,,3
5th Studio Ltd.,London,,3
6B Digital Limited,Wakefiled,West Yorkshire,3
75 Media Limited,Leeds,West Yorkshire,3
7Hills Technologies Ltd,Newcastle-Under-Lyme,,3
A Cloud Guru Ltd,London,,3
A J Digital Management Ltd,London,Greater London,3
A K Software House Ltd,Birmingham,West Midlands,3
A Silva Studio Limited,London,,3
A T & C PROFESSIONAL SYSTEMS LIMITED,London,,3
A-squared Studio Engineers Ltd,London,,3
A.R.M TECHNOLOGIES LIMITED,Bournemouth,,3
A24 Studios Limited,London,,3
A2Z Technologies Ltd,Bristol,South Gloucestershire,3
AA Technology Solutions Ltd,Redhill,Surrey,3
AAAA Communications Limited t/a Media Guru,London,,3
AAC Technologies (Scotland) Limited,Edinburgh,,3
Aalto Media Limited t/a Aalto Production,London,,3
Aalyria Technologies (UK) Limited,London,,3
Ab Initio Software Limited,Weybridge,Surrey,3
Abacus Information Technology UK Limited,London,,3
Abelon Systems Limited,Edinburgh,,3
ABS AUTOMATION SYSTEMS LIMITED,Reading,,3
ABSOLUTE RISK TECHNOLOGY LIMITED,NOTTINGHAM,,3
ABSORB SOFTWARE UK LTD,Huntingdon,Cambridgeshire,3
Aca Studios Ltd,London,,3
Academy of Live Technology Ltd,South Kirkby,West Yorkshire,3
ACCEL SOFTWARE SERVICES LIMITED,GREATER MANCHESTER,,3
Accentra Technologies Ltd,London,,3
Access Fintech (UK) Limited,London,,3
accesso Technology Group,Ruscombe Business Park,Berkshire,3
Accion Labs (UK) Limited,Radlett,Hertfordshire,3
Accolite Labs Europe Limited,London,,3
Accosoft Technologies Ltd,London,,3
Account Media Limited,London,,3
Accu Technology UK Ltd,Oxford,,3
ACE ANALYTICS LIMITED,London,,3
Ace Software Solutions Ltd,London,London,3
Acorn IT Systems Ltd,Reading,Berkshire,3
Acre Platforms Limited,London,,3
Actify Training and Technology CIC,Glasgow,Glasgow,3
Acuiti Labs Limited,London,,3
Acuvate Software Ltd,London,,3
AD Technologies Ltd,Reading,,3
Ada Digital Health Ltd,London,,3
ADB Safegate Airport Systems UK Ltd,Manchester,,3
Adder Technology Limited,Cambridge,,3
Address Intelligence Technologies Limited,London,,3
Adelante Software Ltd,Maidenhead,Berkshire,3
Adobe Systems Europe Limited,Reading,,3
Adsum Technologies Ltd,London,,3
ADVANCE COLLEGE OF BUSINESS AND TECHNOLOGY LIMITED,London,,3
Advance International Media Ltd,London,,3
Advance Media Ltd,London,"London, City of",3
ADVANCED DESIGN TECHNOLOGY LIMITED,LONDON,,3
Advanced Hair Studios Group Ltd,London,,3
Advanced Labelling Systems Limited,Thame,Oxfordshire,3
Advanced Metal Innovation Co. Ltd,Sheffield,,3
Advanced Secure Technologies Ltd,Cardiff,South Glamorgan,3
Advanced Technology Services UK Limited,London,,3
Advanced Visualisation Technologies Ltd T/A Digital Autopsy UK,Sheffield,,3
Advancing Analytics Ltd,London,,3
Advantage Business Systems Limited,London,London,3
Advice Cloud Limited,Brighton,East Sussex,3
AEC SYSTEMS LTD,London,,3
AECOM ENGINEERING TECHNOLOGY SERVICES LTD,London,,3
AEG Technologies Limited T/A Connect,London,,3
Aera Technology Limited,London,,3
AeroCloud Systems Limited,Stockport,,3
Aerospace Technology Institute,London,,3
Aesthetic Technology Ltd,Warrington,Cheshire,3
AF Payments Limited,London,,3
Afferent Software Limited,Brighton,,3
AFFINITY LABS LTD,London,,3
Affluent Technology Limited,Coventry,West Midlands,3
Afiniti Europe Technologies Limited,London,,3
"Aflorithmic Labs, Ltd.",London,Bermondsey,3
Africa Platforms Capital LLP,London,,3
AG Technologies LTD,London,,3
Agenda 21 Architects Studio Ltd,London,,3
AGENDA MEDIA LIMITED,MANCHESTER,,3
Agent Software Limited,Manchester,,3
Agile Cyber Solutions Limited,London,,3
Agilico Workplace Technologies,London,,3
Agilio Software Bidco Ltd.,Sheffield,,3
Agreena Technology Limited,London,,3
AGS Cyber,London,,3
AH Technology Ltd,London,,3
AH technology Ltd t/a Klyk,London,,3
Ahren Innovation Capital LLP,Cambridge,,3
AI DATA LABS LTD,London,,3
AI-Media UK B Ltd,London,,3
Aida Innovation Ltd,London,London,3
AIDEM TECHNOLOGIES LTD,London,,3
Aigo Digital Repairs,Manchester,,3
AIMPOINT DIGITAL UK LIMITED,London,,3
Aionex Technologies Ltd,London,,3
Aios Technology Ltd,Nottingham,Nottinghamshire,3
Air Aware Labs Ltd,London,,3
AIR Studios (Lyndhurst) Ltd,London,,3
Aira Digital Limited,Milton Keynes,Buckinghamshire,3
Airex Technologies Ltd,London,London,3
AIRHUB SYSTEMS LTD,London,,3
Airportr Technologies Ltd,London,,3
AIRX TECHNOLOGIES LIMITED,London,,3
Akamai Technologies Limited,London,,3
Akashi Digital Limited,London,,3
Akeron Software UK Ltd,London,,3
Akoni Technologies Ltd.,Reading,,3
Aksha Technologies Limited,Watford,Hertfordshire,3
AKSYA TECHNOLOGIES LTD,LONDON,,3
AKYN STUDIO LIMITED,London,,3
Al Manar Books & Media Limited,London,,3
Alchemy Technology Services Limited,Derry/Londonderry,,3
Alcohol Monitoring Systems Limited,London,,3
Alderley Lighthouse Labs Ltd,CHEADLE,Greater Manchester,3
Alderson Digital Ltd,London,,3
Aldia Technologies LTD,LONDON,,3
Aleti Software Systems Ltd,Newcastle Upon Tyne,,3
Alfa Financial Software Ltd,London,,3
Algiz Technology Limited,Birmingham,West Midlands,3
Algorithms Software UK Ltd,London,,3
Alianza UK Technologies Limited,Cambridge,Cambridgeshire,3
ALIBABA CLOUD (EUROPE) LIMITED,London,,3
Aligne Technologies Ltd,London,,3
All City Media Limited,London,,3
All Global Media Limited,London,,3
Allied Digital Services UK Ltd,Lewins Mead,Bristol,3
Allied Software Ltd,Glasgow,,3
Alliot Technologies Limited,Huddersfield,West Yorkshire,3
AllSee Technologies Ltd,Birmingham,West Midlands,3
Allvue Systems Limited,London,,3
Alp Technologies Ltd,London,,3
Alpha Biolaboratories Analytical Limited,Warrington,Cheshre,3
ALPHA DATA PARALLEL SYSTEMS LTD,EDINBURGH,,3
ALPHA2 SOLUTIONS & SOFTWARE LIMITED,LONDON,,3
Alpharithm Technologies Limited,London,,3
AlphaSense Technology Limited,London,,3
Alphr Technology Ltd,Letchworth Garden City,Hertfordshire,3
Alpine Interactive,London,,3
AlSaab Ltd t/a AlSaab Digital Ventures,London,,3
Altana Technologies UK Ltd,London,,3
ALTEN GLOBAL TECHNOLOGIES,"Cambridge,",,3
Alternate Reality Media LTD,London,,3
"Alternative Loans Experience Technologies UK Limited, trading as Infinit",London,,3
Alternative Payments Ltd,London,,3
Altos Labs UK Limited,Great Abington,Cambridge,3
Altrix Technology Ltd,London,,3
Altura Platform Ltd,London,,3
Alula Technologies Ltd,London,,3
ALUMAN SYSTEMS UK LIMITED,London,,3
ALVIZ STUDIOS LTD,"Edgbaston, Birmingham",,3
Alyyzandre Studio Limited,London,,3
AM Insights Technology Limited,London,,3
Amaechi Performance Systems Ltd,Manchester,,3
Amagi Media Private Limited,London,,3
Amber Labs,London,,3
Ameba Systems Ltd,London,,3
American Lawyer Media International Limited,London,,3
AMF Bakery Systems UK Ltd,Leeds,,3
AMICABLE TECHNOLOGIES LIMITED,Newcastle Upon Tyne,,3
Amina Technologies Ltd,Huntingdon,Cambridgeshire,3
AMITY MEDIA (UK) LTD,London,,3
Ammonite Studios Limited,London,London,3
Amplitude Analytics Limited,London,,3
Anaero Technology Ltd,Cambridge,Cambridgeshire,3
Analytic Partners U.K. Limited,London,,3
Analytica Inspection Limited,London,Greater London,3
Analytics 8 LTD,London,,3
Analytics Sphere Ltd,London,,3
Analyttica Datalab Private Limited,Reading,,3
Anansi Technology Limited,London,,3
Anchor Door Systems,London,,3
Anchor Informatics Ltd,London,,3
Anera Labs UK Ltd,London,,3
Aneto Digital Services Ltd,Milton Keynes,Buckinghamshire,3
Angelina Studio Limited,London,,3
Anker Technology (UK) Ltd,Watford,Hertfordshire,3
Ansari Technology Ltd,Edinburgh,,3
Ant Data Limited,Liverpool,Merseyside,3
Antare Technology Limited,London,,3
ANTLER INNOVATION UK LIMITED,LONDON,,3
Anvil Analytical Limited,London,,3
AP Drywall Systems Ltd,Manchester,,3
APERTURE MEDIA LTD,Shipley,West Yorkshire,3
APEX FIRE SYSTEMS LTD,London,,3
Apex Innovation Labs Ltd,Liverpool,,3
Apexx Fintech Ltd,London,,3
APG Technologies Limited,London,Greater London,3
"API Software Limited (Trading as ""AutoRek"")",Glasgow,,3
Apis Assay Technologies,Manchester,Greater Manchester,3
APL Media Limited,London,,3
Aplos Innovation Ltd,London,,3
Apparel Cloud London Ltd,London,,3
Appeal Marketing Ltd t/a Appeal Digital,Bristol,,3
Applexus Technologies Limited,Hounslow,Greater London,3
Applied Computing Technologies Ltd.,London,,3
Applied Data Science Partners Ltd,London,,3
Applied Scientific Technologies Ltd,Stokesley,North Yorkshire,3
Apply Digital UK Ltd,London,,3
APPLY4 TECHNOLOGY LIMITED,LONDON,,3
Approach Studio Ltd,London,,3
Apron Payments Limited,London,,3
Aptitude Software Group plc,London,,3
Aqua Security Software UK LTD,London,,3
Aqua-Media International Limited,Wallington,Surrey,3
Aquios Labs Ltd,Milton Keynes,,3
Aras Software Ltd,Birmingham,,3
Arc Media Holdings Limited,London,,3
Arch Ai Technologies Ltd,London,,3
Archer Technologies UK Limited,Bristol,,3
Archipelago Technology Group Ltd,CAMBRIDGE,Cambridgeshire,3
Archit Pharma Innovations Ltd,Maidenhead,Berkshire,3
Arctic Cloud Solutions Ltd,Glasgow,,3
Arctic Lake Technology Ltd,London,,3
Arcturis Data (UK) Limited,OXFORD,,3
Arete Medical Technologies Ltd,Cambridge,,3
Areteans Technology Solutions UK Limited,London,,3
Argent Labs Limited,London,,3
Argus Software (UK) Ltd,London,,3
Aria Systems UK Limited,London,,3
ARIA TECHNOLOGIES LIMITED,SURREY,,3
Aridhia Informatics Ltd,Glasgow,,3
ARIES GLOBAL SOFTWARE HOLDING LIMITED,London,,3
Arkana Technology Limited,Newcastle Upon Tyne,,3
Arkphire Technologies UK Ltd T/A Presidio,London,,3
Armlon Software Solutions Ltd,London,,3
ARNOLD MAGNETIC TECHNOLOGIES LIMITED,Sheffield,South Yorkshire,3
Arrakis Technologies Limited,London,,3
Arriba Technologies Ltd,Cambridge,,3
ARROW DIGITAL SPACE LTD,London,England,3
Arrow International Media Limited,London,,3
ART EVENTS AND MEDIA LTD,London,,3
Art Media Advertising Limited T/A Sam Karandeniya Photography,Bristol,,3
Art of Cloud Ltd,Horsforth,West Yorkshire,3
Art Technologies Limited,London,,3
Artificial Intelligence Digital Solutions Limited,Milton Keynes,,3
Artificial Labs Limited,London,London,3
Artlogic Media Limited,London,,3
Arts Media Worldwide Ltd,London,,3
Asana Software UK Limited,London,,3
ASBUILT DIGITAL UK LIMITED,London,,3
ASC Technology Limited,Trafford,,3
Ascend Digital Solutions Ltd,Manchester,Greater Manchester,3
ASCEND LEARNING SYSTEMS LIMITED,LONDON,,3
Ascend Technologies Limited,Southampton,Hampshire,3
ASCENDX CLOUD LIMITED,London,,3
Ascent Digital Services UK Ltd,Bristol,,3
ASCENTIFY LABS LTD,London,,3
Aser Media Limited,London,,3
ASFIN SOFTWARE & CONSULTANCY LTD,London,,3
ASG Power Systems Limited,Newcastle Upon Tyne,,3
ASKK Technologies Ltd,London,,3
ASP Technologies Limited,Reading,,3
Aspect Labs Ltd,London,,3
ASPECT Studios Limited,London,,3
Aspermont Media Ltd,London,,3
Aspirant Analytics Ltd,London,Greater London,3
Aspire Infotech Technologies Ltd,Harrow,Greater London,3
Aspire Systems (India) Private Limited,London,,3
Aspire Systems UK Ltd,London,,3
ASPIRE TECHNOLOGY LTD,Reading,,3
Assemble Technologies UK Ltd (t/a Atticus),London,,3
Assemble Technology Ltd,Liverpool,Merseyside,3
ASSEMBLY MEDIA LIMITED,London,,3
Assembly Studios Ltd,London,,3
Assist Digital EU Limited,LONDON,,3
Associate Management Systems Limited,London,,3
Astral Neutronics Ltd (trading as Astral Systems),Bristol,,3
Astrid Technologies LTD,London,,3
Asymptote Labs,London,,3
AT Digital Ltd,Hounslow,London,3
ATELIER TECHNOLOGY LIMITED,London,London,3
Atex Media Limited,Bristol,,3
ATEZ UK SOFTWARE TECHNOLOGIES LTD,London,,3
Atheon Analytics Limited,Milton Keynes,Buckinghamshire,3
ATLANTIS TECHNOLOGY SOLUTIONS LIMITED,LONDON,UNITED KINGDOM,3
Atlas Interactive Management Ltd,London,,3
Atlas Technology Solutions UK Limited,London,,3
Atmo Technology Ltd,Bristol,,3
Atomic Wire Technology Limited,London,,3
Atominvest Software Ltd,London,,3
Attest Technologies Limited,London,,3
Aurora Future Technologies Limited,London,,3
Aurous Technology Limited,London,,3
Austerlitz Labs Limited,London,,3
Autify Digital Ltd,Nottingham,Nottinghamshire,3
Automata Technologies Limited,London,,3
AVANT DATA LTD,Toton,NOTTINGHAMSHIRE,3
AVASO Technology Solutions Ltd,London,,3
AVENTRA SYSTEMS LTD,MILTON KEYNES,,3
Avian Labs Limited,London,,3
Aviatrix Systems UK Ltd,London,Please Select,3
Avigna Technology Solutions Limited,London,,3
AVK Innovations Ltd,Reading,Berkshire,3
Avon Data Systems Limited,Bristol,Bristol,3
Avos Technology Ltd,Cambridge,,3
Avoy Technologies Limited /ta SnapSea,London,,3
Avs Info Systems Limited,Reading,Berkshire,3
Axalta Coating Systems UK Limited,Welwyn Garden City,Hertfordshire,3
Axia Computer Systems Limited,Watford,Hertfordshire,3
Axia Digital Ltd,Batley,West Yorkshire,3
Axiom Software Solutions Limited,London,,3
Axis Spine Technologies Ltd,Leeds,,3
AXONE TECHNOLOGIES UK LIMITED,Wokingham,Berkshire,3
Axsai Technologies Europe Limited,London,,3
Ayantika Technologies Ltd,London,,3
Aybola Software and Technology Ltd,London,London,3
AYKO Digital Limited t/a AYKO,Leeds,,3
Aytel Systems Ltd,Cardiff,Cardiff,3
AYU Technologies Ltd,London,,3
Azotic Technologies Limited,York,Yorkshire,3
AZTO PLATFORM LTD,London,,3
AZURE LABS UK LIMITED,London,,3
BA TV BROADCAST AND MEDIA LIMITED,London,,3
Babb Technologies LTD,London,,3
Babcock Integrated Technology Limited,Bristol,,3
BAE Systems Plc,London,,3
BAeHAL Software Limited,SLOUGH,Berkshire,3
Baker Hughes Energy Technology UK Limited,Bristol,,3
Balance Technologies Ltd,London,,3
Balindra Software Limited,London,,3
Balmond Studio Ltd,London,,3
BALRE TECHNOLOGIES LTD,London,,3
BANDGI TECHNOLOGIES PVT LTD,MAIDENHEAD,BERKSHIRE,3
Bandhan Technologies Limited,London,,3
BANG Media International,london,London,3
BankiFi Technology Limited,Manchester,Manchester,3
BANKTECH SOFTWARE SERVICES LIMITED,Cambridge,,3
Bantham Technologies Limited,London,,3
BARAKA MEDIA GROUP LIMITED,Birmingham,,3
Barley Studio Ltd,Dunnington,York,3
BaseKit Platform Ltd.,Bristol,Bristol,3
Basilic Fly Studio UK Private Limited,London,,3
Basis Technologies International Ltd,Bracknell,Berkshire,3
BATCH CONTROL SYSTEMS LTD,GLASGOW,,3
Baton Systems Limited,Elstead,Surrey,3
Bauer Media Outdoor International Limited,London,,3
Baya Systems Limited,Cambridge,Cambridgeshire,3
Bayforest Technologies Limited,London,,3
BB2 Digital and Technology Services Ltd,London,,3
BBD Software Limited,London,,3
BBUK Studio Limited,London,,3
BCG Digital Ventures,London,,3
BCS Data Centres Limited,London,,3
Beacon Platform Limited,London,,3
Beacon Technologies Ltd,London,,3
Bead Technologies Limited,London,,3
BEAR IN STUDIO LIMITED,Coventry,West Midlands,3
Bellrock Technology Limited,Edinburgh,,3
Belt Studio Limited T/A Village Leathers,London,,3
BENEVOLENCE TECHNOLOGIES PRIVATE LIMITED,London,,3
BENFORD TECHNOLOGIES LIMITED,London,,3
BENOIT TECHNOLOGIES UK LTD,Bolton,,3
Bent Oak Systems Ltd,London,England,3
Bentley Systems (UK) Ltd,London,,3
BEP Systems Limited,Manchester,,3
Berkshire Technologies Limited,Bracknell,Berkshire,3
BERKUK TECHNOLOGY LTD,Sheffield,,3
BERRYS GLOBAL INNOVATIONS LIMITED,BIRMINGHAM,,3
Beta Technology Limited,Sheffield,South Yorkshire,3
BetDEX Labs Ltd,Edinburgh,,3
Betfred Technology Limited,Manchester,,3
Betty Technology UK Ltd.,London,GB,3
Beyond Data Technologies Ltd,Sheffield,,3
Beyond Now Technology Limited,London,,3
Beyond Words Studio Ltd,London,,3
BFB Labs,London,,3
Big Cookie Digital Ltd,Liverpool,Merseyside,3
Big Orange Software trading as Sonin,Reigate,Surrey,3
BIG PICTURE (SOFTWARE) LIMITED,Snaith,East Yorkshire,3
BILBERRY TECHNOLOGIES LTD T/A ADCLEAR,London,,3
Bilfinger Piping Technologies UK Ltd,Bristol,,3
BIM Technologies (Europe) Limited,Newcastle upon Tyne,UK,3
BIND MEDIA LTD,Bristol,,3
Binyan Studios Limited,London,,3
BirdsEyeView Technologies Limited,London,,3
Birl Technology Ltd,Liverpool,Merseyside,3
Black Box Media Consultancy Limited,London,,3
BLACK BOX MEDIA MARKETING LTD,Southampton,Hampshire,3
Black Cow Technology Limited,Oxford,,3
Black Kite Studios Ltd,London,,3
Black Swan Data Limited,London,,3
Blackhouse Media (BHM) Limited,Edinburgh,,3
Blackhouse Media (BHM) Ltd,Edinburgh,,3
Blackline Systems Ltd,London,,3
BLACKST1 MEDIA LTD,London,,3
Blend Media Ltd,London,London,3
Blu Wireless Technology Limited,Bristol,Avon,3
BluDot Digital Limited,Kingsbury,London,3
Blue Car Technologies Limited,Wokingham,Berkshire,3
Blue Chip Technologies Ltd,Wantage,"Oxfordshire, England",3
Blue Cloud Global UK Limited,London,,3
Blue Ocean Data Solution Ltd,London,,3
Blue Sky Interactive Limited,Coventry,West Midlands,3
Blue State Digital UK Limited,London,,3
Blue Thorn Technology Ltd,Birmingham,West Midlands,3
Blue Yonder Technology Solutions (UK) Limited,Bracknell,Berkshire,3
Bluecube Cyber Security Solutions Limited,Milton Keynes,Buckingham,3
Bluelotus Technologies Limited,Coventry,,3
Bluemax Technology Support Ltd.,Cambridge,Cambridgeshire,3
Bluerose Technologies Limited,London,,3
Bluesmith Information Systems Ltd,Leeds,West Yorkshire,3
BLUESTAR SOFTWARE LIMITED,Reading,Berkshire,3
BMC Software Ltd,Winnersh Triangle,Berkshire,3
BMLL Technologies Ltd,London,,3
BNW Technology Ltd,Reading,,3
Bo Digital Ltd,Cambridge,Cambridgeshire,3
BOB W TECHNOLOGIES UK LIMITED,London,,3
Boditrax Technologies Ltd,Nottingham,Nottinghamshire,3
Boku Labs Ltd,London,,3
Bompas & Parr Studio Ltd,London,,3
Bond Financial Technologies Ltd,London,,3
BookNow Software Ltd,Camberley,Surrey,3
Boomerang Digital Ltd,Hessle,East Yorkshire,3
Boost It Technologies LTD,Bristol,Bradley Stoke,3
BOREAS SOFTWARE AND CONSULTING LTD,London,,3
BORIS SOFTWARE LIMITED,LEEDS,,3
BOSE TECHNOLOGIES LIMITED,Reading,,3
Bossa Studios,London,,3
Bottomline Technologies Limited,Theale,Berkshire,3
BOUNCE INTERACTIVE LTD,LONDON,,3
Boxkite Software Ltd,Bristol,,3
BP PAYMENTS LTD,London,,3
Brady Technologies Limited,London,,3
Brain Analytics,London,,3
Brain Labs Digital Ltd,London,,3
Brandpie Digital Limited,London,,3
Brave Software Europe Ltd,London,,3
BRAZEN MEDIA LTD,London,,3
Breathe Battery Technologies Limited,London,,3
BREEZ TECHNOLOGY LIMITED,LONDON,,3
Briar Security Systems ltd,Cambridge,,3
Brick Digital,Watford,Hertfordshire,3
Bricklane Technologies Ltd,London,,3
Brickwise Labs Ltd,London,,3
BridgeHead Software Limited,Leatherhead,Surrey,3
Brightedge Technologies Limited,London,,3
BrightSign Technology Limited,London,,3
Brillio Technologies Private Limited,London,,3
Brink Technology Ltd,London,,3
Briss Technologies LIMITED,West Molesey,Surrey,3
Brita Water Filter Systems Limited,Bicester,Oxfordshire,3
Britannia Cloud Ltd,London,England,3
Broad Fintech Ltd,London,,3
Broad Visions Technologies Ltd,Reading,,3
Broadsheet Media UK Limited,London,,3
Broadvision Technologies (UK) Ltd,London,,3
Brompton Technology Ltd,London,,3
Bron Labs Limited,London,Greater London,3
Brothers Bridge Technology Ltd,London,,3
BRR Media Limited,London,,3
BRS Technology Limited,GLASGOW,Lanarkshire,3
Bryan O'Sullivan Studio,London,,3
BS MEDIA LTD,LONDON,,3
Bud Systems Ltd,Bristol,,3
BUGNI LABS LTD,London,,3
BuildPartner Technology Ltd,London,,3
Burlington Media Group Ltd,London,London,3
BUSINESS DATA QUALITY LTD,LONDON,,3
Business I.T. Systems Ltd,Chessington,Surrey,3
Business Show Media Ltd.,Bristol,,3
Business Skills Interactive Limited,London,,3
Business Systems (U.K.) Limited,London,,3
Business Systems International Ltd.,London,,3
BW Flexible Systems UK Limited,Beeston,Nottingham,3
BX Technologies Ltd,London,,3
Byngo Payments Ltd,London,,3
byrd Technologies UK Ltd,London,,3
Bytes Software Services Limited,Leatherhead,Surrey,3
C-Concept Studio Ltd,London,England,3
C-Kore Systems Limited,York,North Yorkshire,3
C.D.S. Computer Design Systems Ltd,Salford,Greater Manchester,3
C15 Media Networks Ltd,London,,3
C3 Media Limited,Bristol,,3
C6 Digital Ltd,London,,3
C9 LETTING SERVICES LIMITED TA Cloud9 Estate Agents,Coventry,,3
Cadcam Technology Ltd,Nottingham,Notts,3
Cade Media Limited,Newcastle,,3
Cadence Design Systems Limited,Bracknell,Berkshire,3
CADRO TECHNOLOGIES LIMITED,London,,3
Caesars Trading and Technology Services Limited,Leeds,,3
Cairn technology Ltd,Sheffield,South Yorkshire,3
Caldervale Technology Limited,Dewsbury,West Yorkshire,3
Call Systems Technology Limited,Elstree,Hertfordshire,3
Calsoft Labs UK Private LTD,London,,3
Cambridge Crystallographic Data Centre,Cambridge,Cambridgeshire,3
Cambridge Digital Health,Cambridge,,3
Cambridge Display Technology Ltd,Godmanchester,Cambridgeshire,3
Cambridge Innovation Capital Limited,Cambridge,,3
Cambridge Medical Technologies Limited,Harston,Cambridgeshire,3
Cambridge Touch Technologies Limited,Cambridge,Cambridgeshire,3
CAMBRIDGESHIRE INNOVATION CENTRE LTD,Cambridge,,3
Camtech Innovations Ltd,Oakington,Cambridgeshire,3
Canalis Technology Limited,Stockport,,3
Candu Labs Limited,London,,3
Candyspace Media Limited,London,Chancery House,3
Canopy Media Management,London,,3
Canvas Software Limited,London,,3
Capital Administration Technology Ltd,London,,3
Capital Computer Software Ltd,London,London,3
Capital Integration Systems UK Limited,London,,3
Capitalise.com Platform Limited,London,,3
Caplin Systems Limited,London,,3
CAPRICE CLOUD TECHNOLOGIES LTD,LONDON,,3
Capricorn Media Protection Ltd,Manchester,Greater Manchester,3
Capricorn Studios Ltd,London,,3
Captify Technologies Ltd,London,,3
Cara Technology Limited,Leatherhead,Surrey,3
CARDINAL INSURANCE MANAGEMENT SYSTEMS LIMITED,London,,3
CARLISLE DESIGN STUDIO LIMITED,LONDON,,3
Carlisle Fluid Technologies UK Lttd,Bournemouth,Dorset,3
CARMENTA TECHNOLOGIES LTD,London,,3
CASHMERE SYSTEMS LTD,Manchester,,3
CASM Technology LLP,London,,3
Cassini Systems Limited,London,,3
Cast Software Limited,London,,3
Catapult Labs Ltd,London,,3
Catch Digital,London,,3
Caxton Payments Ltd,London,,3
CB Payments Ltd,London,,3
CCS Technology Ltd,Coventry,Warwickshire,3
CDA Systems Limited,London,,3
CEDE TECHNOLOGIES LTD,London,England,3
CEH TECHNOLOGIES LTD,Manchester,,3
Celer Technologies Limited,London,,3
Celestia Technologies Group - UK Ltd,Edinburgh,,3
Cell Guidance Systems,Cambridge,State,3
CellVoyant Technologies Limited,Bristol,,3
CEM Analytical Services Ltd,Wokingham,Berkshire,3
Centaur Media plc,London,,3
Center for Countering Digital Hate LTD,London,,3
Centillion Technology Limited,Cambridge,,3
Centium Software Limited,Milton Keynes,,3
Centra Technology UK Limited,London,,3
"Centre for Finance, Technology and Entrepreneurship Ltd","London,",,3
Century Innovations Ltd,Royston,Hertfordshire,3
Ceramic Studios Premier Ltd,London,,3
Cerillion Technologies Limited,London,,3
CERIS E-COMMERCE & DIGITAL MARKETING LTD,LONDON,,3
Certs Assured Technology Limited,Letchworth,Hertfordshire,3
CHAIN & CHAIN TECHNOLOGIES LIMITED,LONDON,,3
Chainlink Labs Ltd,London,,3
Chamberlains Aqua and Energy Systems Limited,Southampton,Hampshire,3
Champ Systems Limited,London,,3
CHANDRAWAR IT TECHNOLOGIES PVT LTD,Manchester,,3
Channel Digital Holdings Limited,London,,3
Chargeurs Museum Studio (UK) Limited,London,,3
Charlotte's Cloud Ltd,London,,3
Charterhouse Voice & Data Limited,London,,3
Chase Software Solutions Ltd,Surbiton,Surrey,3
Chattermill Analytics Limited,London,,3
Che Studios Ltd.,London,London,3
CHEPS STUDIO LIMITED,Manchester,,3
Cheq Technologies (UK) Limited,London,,3
Chess Logistics Technology Limited,Manchester,,3
China-Europe Networks of Technology and Innovation Limited,London,,3
Chiplogic Technologies Limited,Maidenhead,Berkshire,3
"CHONGQING CABERS ENVIRONMENTAL PROTECTION TECHNOLOGY UK CO, LTD",London,,3
Christie Digital Systems Canada Inc.,Wokingham,Berkshire,3
CHRONICLE SOFTWARE LTD,London,,3
Cigniti Technologies (UK) Limited,London,,3
CIM Software Ltd,Southampton,Hampshire,3
Cimcon Software (UK) Limited,Reading,,3
Cincom Systems (UK) Limited,Maidenhead,Berkshire,3
Cinemersive Labs Ltd,London,,3
Circadia Technologies Ltd,London,,3
Circle Cloud Communications Ltd,SOUTHAMPTON,,3
Circle Interactive Ltd,Bristol,Bristol,3
CIT Digital Ltd,Sheffield,,3
CITYSCAPE DIGITAL LIMITED,LONDON,GREATER LONDON,3
Civic Studios International Limited,London,,3
CJS Managed Cloud Services Ltd,Leeds,,3
CLADMATE FACADE SYSTEMS LTD,London,,3
Clara Technologies (UK) Limited,London,,3
CLARENDON STUDIO LTD,Birmingham,,3
Clarivate Analytics (UK) Limited,London,,3
Clay Labs UK Ltd,London,,3
Clean Digital Limited,Edinburgh,,3
Clear Perspective Media (UK) Limited,London,,3
Clear Score Technology Limited,London,,3
Clearglass Analytics Limited,London,,3
Clearly Technologies Limited,London,,3
Clearmatics Technologies Ltd,London,,3
"Clearwater Analytics, Ltd.",Edinburgh,,3
ClickZ Media Limited,London,,3
Climate Change Media Ltd,London,,3
Clinical Network Systems Limited,London,,3
Clockwork Media SA UK Ltd.,London,,3
Clockwork Technologies UK Limited,London,,3
Cloud & Compliance Ltd,Birmingham,,3
Cloud Agri LTD,Manchester,,3
Cloud Analytics Limited,Hertfordshire,,3
Cloud Aware Services Ltd,London,,3
Cloud Bridge Technologies Limited,Manchester,,3
Cloud Capital LLP,London,,3
Cloud Consulting Group Ltd,Bristol,,3
CLOUD CX LTD,London,,3
Cloud Cycle Ltd,London,,3
Cloud Digest Ltd,Oxted,Surrey,3
Cloud Galacticos,London,Greater London,3
Cloud Imperium Games Limited,Manchester,,3
Cloud Kitchen London Ltd T/AS Hyderabad Wala {House of Biryani},London,,3
Cloud Lending UK Ltd,London,,3
Cloud Made Ltd,London,,3
CLOUD MANAGER LIMITED,Reading,Berkshire,3
Cloud Master Limited,Reading,,3
CLOUD ODYSSEY IT SOLUTIONS LTD,London,,3
CLOUD RETAIL LTD,London,,3
Cloud SG UK Ltd,London,,3
CLOUD TAX LIMITED,London,,3
Cloud9 Insight Ltd (TRADING ADDRESS),Brighton,,3
CloudAttribution Ltd,London,,3
CloudBees UK Limited,London,,3
Cloudera (UK) Limited,London,,3
CloudFactory International Limited,Reading,,3
Cloudflare Limited,London,,3
CloudGuard Limited,Manchester,,3
CloudHQ UK Limited,London,,3
CLOUDIFIE LIMITED,LONDON,,3
Cloudinary UK Limited,London,,3
Cloudkeepers London Ltd,London,,3
CloudLearn Ltd,Glasgow,,3
CloudNC Ltd,London,,3
CloudNet Technologies Limited,Manchester,,3
CLOUDNINE IT Services Limited,Sutton,Surrey,3
Cloudperfect Limited,London,,3
CLOUDPILAR LIMITED,Bristol,,3
CLOUDPLEXO LTD,London,,3
Cloudreach Europe Limited,London,,3
CLOUDROCK PARTNERS LTD,London,,3
Cloudscouts Technology Services UK Ltd,Slough,Berkshire,3
CLOUDSHOP LIMITED,London,,3
CLOUDSMAN IT SOLUTIONS LIMITED,London,,3
Cloudsmart Consulting Ltd,London,,3
CLOUDTECH COMMUNICATIONS LTD,Reading,Berkshire,3
CLOUDTECH INNOVATIONS LTD,Cambridge,,3
Cloudtech24 Ltd,Woking,Surrey,3
CloudThing Limited,Northfield,Birmingham,3
CLOUDWDAY LTD,London,,3
Cloudworkz limited,London,,3
CLOUDXACT LTD,London,,3
CM CLOUD & DEVOPS LTD,London,Middlesex,3
CN Bio Innovations Limited,Cambridge,,3
Co-Labs Global Group Ltd,London,,3
Coalfire Systems Limited,Manchester,,3
Coalition for Epidemic Preparedness Innovations UK Limited,London,,3
Cobalt Labs UK Limited,"Hammersmith, London",,3
Cockroach Labs UK Limited,London,,3
Coconut Platform Ltd,London,,3
CODM SOFTWARE LIMITED,London,,3
Coefficient Systems Ltd,London,,3
Cognia Cloud Limited t/a Smarsh,London,,3
Cognito Technologies Limited,Leeds,,3
Colet Systems Ltd,London,,3
Colt Technology Services Group Limited,London,,3
Columbus Innovations Limited,Glasgow,,3
Colvir Software Solutions Ltd,London,,3
CoMind Technologies Limited,London,,3
comit Financial Systems UK Limited,London,London,3
Commerce Software UK LTD,London,,3
Commission Studio Ltd,London,UK,3
Commonplace Digital LTD,Manchester,,3
Communications Software (Airline systems) Limited,London,,3
Commvault Systems Ltd,Reading,Berkshire,3
Company 3 Studios UK Ltd,London,,3
Compass Labs Ltd,London,,3
CompatibL Technologies Ltd,London,Greater London,3
COMPLIANCE ANALYTICS LIMITED,London,,3
Compound Digital Technologies Limited,London,,3
Compufile Systems Limited,Godalming,Surrey,3
Computing Distribution Group Ltd,Sunningdale,Berkshire,3
Comviva Technologies Limited,London,,3
Concept Systems Limited,Edinburgh,Midlothian,3
Conference Technologies UK Limited,Retford,Nottinghamshire,3
Connected Data Company Ltd,London,,3
Connexxions Media & Marketing Ltd,Reading,Berkshire,3
CONSTELLATION TECHNOLOGY SERVICES LTD,Milton Keynes,Buckinghamshire,3
CONSTRUCTIVE THINKING STUDIO LIMITED,Liverpool,Merseyside,3
Container Solutions Software Ltd,London,,3
CONTENT+CLOUD LIMITED,Manchester,,3
CONTEXTUAL TECHNOLOGIES LTD,London,,3
CONTRACTPOD TECHNOLOGIES LIMITED,LONDON,,3
Convertr Media Limited,London,London,3
Convex Labs Ltd,London,,3
Coolgarif Technologies Ltd,London,,3
Cooper Square Technologies UK Ltd,London,,3
COPA-DATA UK LIMITED,Bristol,,3
Copper Technologies (UK) Limited,London,,3
Coral Innovations Ltd T/A Suri,London,,3
Cord Technologies Limited,London,,3
Cordiant Digital Infrastructure Management LLP,London,Select,3
Cordon Technologies Ltd,LONDON,,3
Core Technology Systems Uk Ltd,LONDON,,3
CORESTRAT DECISION ANALYTICS SOLUTIONS LIMITED,London,,3
CORSICA STUDIOS,LONDON,LONDON,3
Cosmos Interactive Ltd,London,,3
Cotham Technologies Limited,Bristol,,3
Count Technologies Ltd,London,,3
Counterpoint Global Media Limited,LONDON,,3
Coupa Software UK Ltd,London,,3
Covarius Technology Limited,London,,3
Covasant Technologies (UK) Private Limited,London,,3
Cowbell Cyber Ltd,London,,3
CPL Software Ltd,Glasgow,,3
Create Cap Studios Ltd,London,,3
Create It Studios (NW) Ltd,Manchester,Lancashire,3
CREATILOGIC CULTURE MEDIA LIMITED,London,,3
CREATION LABS AI LTD T.A HYPERMILE,LONDON,,3
Creation Technology Solutions Limited,London,,3
Creations Studio Ltd,St. Albans,Hertfordshire,3
CREATIVE TIME MEDIA LIMITED,London,England,3
Creativity Software Ltd,"Kingston upon Thames,",Surrey,3
Credit Data Research Ltd,London,,3
Crednet Technologies Limited UK,Ruslip,London,3
Credo Technology Services UK Ltd,Leeds,,3
CREX Technologies Limited,London,,3
Critical Software Ltd,Southampton,Hampshire,3
CROESUS DIGITAL MARKETING LIMITED T/A SOCIAL NUCLEUS,Manchester,,3
Cross Media Limited,London,,3
Crucible Digital Ltd,London,Greater London,3
Crystal London Bridal Studio Ltd,London,,3
CrystalMaker Software Ltd,Begbroke,Oxfordshire,3
CTI Digital Limited,Manchester,,3
CTO Data Services Group Ltd,London,,3
Cub Studio Ltd,Brighton,,3
Cubic Transportation Systems Limited,Redhill,Surrey,3
Culted Media Limited,London,,3
Curiosity Software Ireland,Oxford,Oxfordshire,3
Curve Analytics Limited,London,,3
Curve Digital Publishing Limited,London,,3
Curve Media Limited,London,,3
Curve Royalty Systems Ltd,London,,3
CX Studios Limited,Watford,Hertfordshire,3
CYBAGE SOFTWARE UK LIMITED,London,,3
Cyber Alarm Limited,London,,3
Cyber Prism Limited,London,,3
Cyber Range Ltd,London,,3
Cyber Security Hub Ltd,London,,3
CYBER SHEKU LIMITED,LONDON,,3
Cyber-Ark Software (UK) Limited,London,,3
CyberCube Analytics Europe Limited,London,Middlesex,3
CYBERDD LIMITED,LONDON,,3
CYBERDD LTD,LONDON,,3
CYBERDOG UK LIMITED,London,,3
Cyberfort Group,Berkshire,,3
CYBERLIVER LIMITED,Manchester,,3
CYBERLYSMART SERVICES LIMITED,London,,3
CYBEROWL LIMITED,BIRMINGHAM,,3
CYBERREY LTD,London,,3
CYBERSECURE365 UK LTD,London,,3
Cyberstaff Ltd,London,,3
Cybersys Technologies Ltd,London,,3
Cybertots at Acton Gardens Ltd,London,,3
CYBERTOTS AT COPLEY CLOSE CHILDREN`S CENTRE LTD,London,,3
Cybertots Ltd,London,,3
Cybertots on the Green,London,London,3
Cytel Statistical Services and Software UK Limited,London,,3
CYZ SOFTWARE CONSULTANCY LTD,Bristol,England,3
D2 Legal Technology Ltd,London,,3
Daisy Chain Studio Ltd,London,,3
Daisy Media Ltd,Bristol,,3
Daisymill Technologies Limited,Salford,,3
Dambuster Studios Ltd,Nottingham,,3
Dan Tobin Smith Studio Limited,London,,3
DanceTalk Studios LTD,London,,3
Danger Farms Software Ltd,London,,3
Daphne Technologies Ltd,London,,3
DARK AND CLOUD LTD,LONDON,,3
Dartbridge Systems Limited,Camberley,Surrey,3
Darwin Evolution Technologies Ltd,London,,3
DATA ANALYTICS & VISUALISATION LIMITED,Rickmansworth,Hertfordshire,3
Data and Marketing Association Ltd,London,,3
Data Centre Dynamics Limited,LONDON,,3
Data Cloud Ltd,London,,3
Data Connect Solutions Ltd,Reading,,3
Data Conversion Systems Limited,Swavesey,Cambridgeshire,3
Data Cubed Limited,Bristol,,3
DATA ENERGY MANAGEMENT SERVICES LIMITED,Hertfordshire,,3
Data Engineering Project Limited,Glasgow,,3
DATA FIDELITY PVT LTD,London,,3
Data Inc UK Ltd,London,,3
Data Intelligance Services Ltd,London,,3
Data Kraken Consultancy Ltd,Oxford,,3
Data Market Information Technology Ltd,London,,3
Data OPS Limited,Radlett,Hertfordshire,3
Data Protection People Limited,Leeds,,3
Data Science Central UK Ltd.,London,,3
DATA SIP LIMITED,Glasgow,,3
Data Socket Limited,London,,3
Data Solutionz Limited,Milton Keynes,Buckinghamshire,3
Data Spartan Limited,London,London,3
Data Theorem Limited,London,,3
Data Trek Technologies Ltd,London,,3
DATA TRIALS SOLUTIONS LTD,Milton Keynes,,3
DATA VISION SERVICES LTD,London,,3
Data Vity Innovations T/A The Data City,Ilkely,West Yorkshire,3
Data Yield Limited,Milton Keynes,,3
DATA2020 LTD,London,,3
DATAACTIONS LIMITED,"Birmingham, England",,3
DataArt Technologies UK Ltd,London,,3
Databarracks Ltd,London,Greater London,3
Databook Labs UK Ltd,London,,3
Databricks UK Limited,London,,3
Databuzz Ltd,Slough,Berkshire,3
Datachoice Solutions Ltd,London,,3
DATACO INTERNATIONAL UK LIMITED,London,,3
Datadog Ireland Limited,London,,3
Dataflow Events Ltd,London,,3
DATAFORM LAB LIMITED,London,,3
Datagoat Limited,Guildford,Surrey,3
Datagum Limited,London,,3
Dataiku Ltd,London,,3
DATALEO AI LIMITED,London,,3
Datalex Solutions(UK) LTD,Manchester,,3
Datalineage Consulting Limited,Cardiff,Mid Glamorgan,3
Datamaran Limited,London,,3
Datamatics Infotech Limited,Slough,Berkshire,3
Datamato Technologies Limited,Greater London,London,3
Datambit Limited,London,,3
Datamellon Limited,London,,3
Datametica UK Limited,"London,",,3
Datametric IT Solutions Ltd,London,,3
Datamine International Ltd,Bristol,,3
Dataminr UK Ltd,London,,3
DataObrii Ltd,London,England,3
DATAPAO LIMITED,Nottingham,,3
DATAPARE LTD,London,,3
Datapharm Ltd,Leatherhead,Surrey,3
DataProv Limited,London,,3
Datar Cancer Genetics UK Private Limited,Guildford,Surrey,3
DataRobot UK LTD,Bristol,,3
Dataseat Ltd,London,,3
DataShapa Ltd,London,,3
Datasite UK Ltd.,London,,3
DATASIXTH LIMITED,London,,3
DATASOFT DIGITEL LTD,London,,3
Datasparq Limited,London,,3
Datassential UK Limited,London,,3
Dataswift Ltd,Cambridge,,3
Datatank Ltd,Nottingham,,3
DataTek Limited,Manchester,,3
DATATEL FIBER LTD,Southampton,,3
DATATONIC LTD,LONDON,,3
Datatote (England) Ltd,Bristol,,3
Datatrix Ltd,London,,3
Datatronix Services Limited,London,,3
Datavid Limited,Reading,,3
Datawhizz Limited,Reading,Berkshire,3
Dataworks Group Limited,London,,3
Dataxpie ltd,London,,3
DATAZONE TECHNOLOGIES LIMITED,London,,3
Datel Computing Limited,Warrington,,3
DAVETHAN TECHNOLOGIES LIMITED,London,,3
David Collins Studio,London,,3
DAWN TECHNOLOGIES LTD,London,,3
DAY TECHNOLOGIES LTD/ Trading name Duty Refunds,London,,3
Dayshape Software Ltd,Edinburgh,,3
DBT LABS UK LIMITED,READING,,3
DCM Technologies Limited,London,,3
Dcube Technologies Ltd,Reading,,3
Decision Studio Limited,Hertfordshire,,3
Decision Technology limited,London,,3
Deco Moore Studio Limited,London,,3
Decypher Technologies UK Limited,Cardiff,,3
Deep Knowledge Analytics Limited,London,,3
Deepmay Technologies Limited,Birmingham,,3
Deevi Technologies Ltd,Leeds,,3
Definite Article Media Limited,London,,3
Deimos Cloud Ltd,London,,3
Delaware Digital LLP,London,,3
DELISYS TECHNOLOGIES LTD,NOTTINGHAM,,3
Deltaclass Technology Solutions Limited,Slough,Berkshire,3
Demse Technical Systems Limited,London,Greater London,3
Dendrite Clinical Systems,New Malden,Surrey,3
Denodo Technologies LTD,London,,3
Department for Culture Media and Sport,London,Greater London,3
"Department for Science, Innovation and Technology",London,,3
Deriv Technologies Limited,Reading,,3
Design Innovation Ltd,Nottingham,Nottinghamshire,3
Design Studio Associates Ltd,London,,3
Designway Studio Limited T/A Designway,London,,3
Despatch Cloud Ltd,Driffield,Yorkshire,3
Devbox Technologies Limited,London,,3
Development Media International Associates CIC,London,,3
Deviate Digital LTD,London,,3
Devolver Digital Games Limited,London,,3
Dext Software Limited,London,,3
DGR DIGITAL LTD,London,,3
DHARMIK DIGITAL SOLUTIONS LTD,London,,3
Diffractive Labs Ltd,London,,3
Digital Apple UK Ltd,London,,3
Digital Applications International Limited,STOCKPORT,,3
Digital Boutique Limited,Edinburgh,Scotland,3
Digital Buying Partners Limited,Slough,Berkshire,3
Digital Catapult,London,,3
Digital Cinema Media Ltd,London,,3
DIGITAL CLIPBOARD LIMITED,London,,3
Digital Commonwealth Limited,London,,3
Digital Completion UK Limited,Leeds,West Yorkshire,3
Digital Cryogenics Limited,London,United Kingdom,3
Digital Detox Ltd,LONDON,,3
Digital Devices Limited,London,Middlesex,3
Digital Diligence Ltd,London,,3
DIGITAL DIRECT SOLUTIONS LTD,London,,3
Digital Directories Limited,London,,3
DIGITAL DISRUPTION TECHNOLOGIES LTD,London,England,3
DIGITAL DREAM LTD,London,,3
Digital Edge Print Group Limited,Oldham,Greater Manchester,3
Digital First Holdings UK Limited,London,,3
Digital Futures Group Limited,London,,3
Digital Glue Ltd,Birmingham,,3
Digital Health and Care Wales,Cardiff,,3
Digital Health Intelligence Ltd,London,,3
Digital Innk Limited,Birmingham,,3
Digital Insight Technologies Limited trading as Xapien,London,,3
DIGITAL INSIGHTS CONSULTANCY LIMITED,Milton Keynes,Buckhinghamshire,3
DIGITAL LIFE PARTNERS LTD,London,,3
Digital Marmalade Limited,London,,3
Digital Media Services UK Ltd,London,,3
Digital Medical Supply UK Ltd,London,,3
Digital Mobile Innovations Limited,London,,3
Digital Moneybox Limited,London,,3
Digital News Agency Ltd,London,England,3
DIGITAL OUTLET LONDON LTD,LONDON,,3
DIGITAL PORT LTD,Manchester,,3
Digital Prosthetics Limited,Birmingham,,3
DIGITAL RAINBOW PROJECT CONSULTANTS,BIRMINGHAM,WEST MIDLANDS,3
Digital Reality Corp Ltd (trading as Pupil and/or Stak),London,,3
DIGITAL REALTY (UK) LIMITED,LONDON,,3
Digital RFQ Limited,London,,3
Digital Science & Research Solutions Limited,London,,3
DIGITAL SERVICES HUB LIMITED,London,,3
Digital Sign UK Ltd T/A Digital Signage UK,London,,3
Digital Space Group Limited,Newark,Nottinghamshire,3
Digital Spring Limited,London,,3
Digital Staff Solutions T/A Florence,London,,3
Digital Sterling Limited,Leeds,,3
DIGITAL STREAMING LIMITED,Manchester,,3
Digital Surgery Limited,London,,3
Digital Taxonomy Limited,London,,3
Digital Therapeutics Ltd,London,,3
DIGITAL TRANSFORMATION CAPITAL PARTNERS UK LIMITED,London,,3
DIGITAL TRAVEL MARKETING GROUP LIMITED,"Liverpool, Merseyside",,3
Digital Uncut,London,Shoreditch,3
Digital Unlimited Group Ltd,London,,3
Digital Voices Limited,London,,3
Digital Willow Ltd,London,Greater London,3
DIGITAL-I LIMITED,Bristol,,3
Digital.ai Software (UK) Ltd.,London,,3
DIGITAL2MARKETING LTD,Birmingham,,3
DIGITALAPICRAFT UK LTD,LONDON,,3
DIGITALBRIDGE UK ADVISORS 1 LLP,LONDON,,3
DigitalCNC Ltd,Sheffield,South Yorkshire,3
Digitalis Media Ltd,London,Greater London,3
DIGITALK Technology Limited,Milton Keynes,,3
Digitall Solutions Ltd,London,,3
DigitalMandee Ltd,Welwyn Garden City,Hertfordshire,3
DIGITALSOFTS LTD,Birmingham,,3
DIGITEC Financial Technologies and Services (UK) Ltd,London,United Kingdom,3
DIMENSION FOUR TECHNOLOGY LIMITED,London,,3
Dining Innovation UK Ltd,London,,3
Dirac Software Limited,London,,3
Direct Link Technologies Ltd,London,,3
Discover Digital Solutions Limited,Reading,,3
Disguise Technologies Ltd,London,London,3
Distinctive Media Group Limited,Newcastle Upon Tyne,Newcastle upon Tyne,3
Distinctly Digital Limited,London,,3
DL TECHNOLOGIES LTD,LONDON,,3
DM Studios Limited,London,,3
DN Media Group Global AS,London,,3
DNA Payments Limited,London,,3
DOCME TECHNOLOGIES LTD,Cambridge,,3
Docsville Studios Ltd,London,,3
Dog Digital Ltd,Glasgow,Lanarkshire,3
Dominic Harris Studio Ltd.,London,,3
Domino Data Lab Limited,London,,3
DONE MEDIA CONCEPT & BRANDING SERVICES LTD,Edinburgh,Scotland,3
DOTNPIX MEDIA LIMITED,London,,3
Double G Studios Ltd,London,,3
Dovecot Studios Ltd,Edinburgh,,3
Downforce Technologies Limited,London,,3
"DR Studios Ltd,",Milton Keynes,,3
DREAM REALITY INTERACTIVE LIMITED,London,,3
Dribble Media Limited,London,,3
Drie Secure Systems Limited,London,,3
Drivenation Digital LTD,Sherburn In Elmet,Leeds,3
DriWay International Technologies Limited,London,,3
DSL Systems Ltd,West Bridgford,Nottinghamshire,3
Duck Creek Technologies Limited,London,,3
DUCK Software Limited,Potters Bar,Hertfordshire,3
Duco Technology Limited,London,,3
Duffel Technology Ltd,London,,3
DURA Automotive Body & Glass Systems UK Ltd,Birmingham,West Midlans,3
Durst Image Technology UK Ltd,Leatherhead,Surrey,3
DVV Media International,Sutton,Surrey,3
"DX CELLS TECHNOLOGIES CO., (UK) LIMITED",London,,3
DYAD ARTIFICIAL INTELLIGENCE LIMITED,LONDON,,3
Dynamic Shelving Systems Limited,Manchester,,3
Dynamo Analytics Ltd,London,,3
DZINE DIGITAL LTD,Cardiff,,3
Dzine Studio 87 Ltd.,Birmingham,West Midlands,3
E T P Technologies Ltd,London,Holborn,3
E- Event Platform Ltd,London,,3
E-COMPUTING (EUROPE) LIMITED,London,London,3
E-MIND TECHNOLOGIES LIMITED,Liverpool,,3
E-Serve Technologies Limited,Brooklands,Milton Keynes,3
E2E CYBER SOLUTIONS LTD,BIRMINGHAM,West Midlands,3
EAI SYSTEMS LIMITED,London,,3
EarthId Technology Ltd,Chessington,Surrey,3
Earthrise Studio Ltd,London,,3
East London Advanced Technology Training,London,,3
EASTECH INTEGRATED SYSTEMS LTD,Manchester,Greater Manchester,3
Eastpoint Software Ltd,Cambridge,Cambridgeshire,3
EatSleep Media,Cardiff,Cardiff,3
EBIZ TECHNOLOGY LTD,London,,3
Echion Technologies LTD,Sawston,Cambridgeshire,3
Echo Studios Limited,Surbiton,Surrey,3
Echosec Systems UK Ltd,Cardiff,,3
Economic Media Bulletin Ltd,London,,3
Ecospend Technologies Limited,London,,3
Edge Global Media Ltd,London,,3
EDGEMATICS TECHNOLOGIES UK LTD,Reading,,3
Edgewing Systems Limited,Reading,,3
EDIFY SOFTWARE LTD,London,,3
Edinburgh Innovations Limited,Edinburgh,,3
EDNA Studio LLP,Leeds,,3
EDW Technology Limited,Milton Keynes,Bucks,3
Edyn Development Studio Limited,London,,3
EG INTERACTIVE LIMITED,London,,3
Egress Software Technologies Limited,London,,3
Egton Medical Information Systems Limited,Leeds,,3
EHOME Systems LTD,London,,3
EIDIKO SYSTEMS INTEGRATORS PVT LTD,LONDON,,3
Eigen Software Limited,Birmingham,,3
Eigen Technologies Ltd,London,,3
Einride Technologies UK Limited,Hindhead,Surrey,3
EKCO CLOUD (UK) LIMITED,London,London,3
EKCO CLOUD AND SECURITY LIMITED,Milton Keynes,,3
EKY Technology LIMITED,Birmingham,,3
Elastic Path Software (UK) Ltd,Newcastle Upon Tyne,,3
Elastic Path Software Inc.,Reading,Berkshire,3
Elbit Systems UK Limited,Bristol,,3
Elcom Systems Ltd,London,,3
Elder Technologies Limited,London,,3
Electric Systems Limited,Manchester,,3
ELEGANT TECHNOLOGIES UK LIMITED,London,,3
ELEKS Software UK Limited,London,,3
Elements Digital Ltd,London,,3
Eleven Labs Ltd,London,,3
Elevondata Labs Private Limited,Milton Keynes,,3
Elicit Research & Analytics Ltd,Glasgow,,3
ELITE MOVING SYSTEMS LTD,LONDON,,3
Elite Technical Consulting Ltd T/A CyberForte,Reading,Berkshire,3
Ellipse Data Ltd,London,,3
"Ellison Institute of Technology, Oxford Limited",Littlemore,Oxford,3
ELMEC SYSTEMS LTD,Newark,Nottinghamshire,3
Elwood Technologies Services Limited,London,,3
Emerald Technology Recruitment Limited,Birmingham,,3
Emerging Media Ventures Ltd,London,,3
Emerson Climate Technologies Limited,Reading,Berkshire,3
Emma Technologies LTD,London,,3
EMPEL Systems Limited,Milton Keynes,Buckinghamshire,3
Emtalent Digital Limited,Reading,Berkshire,3
Emu Analytics,London,,3
ENATIONS TECHNOLOGY LTD,London,,3
Encompass Digital Media Services Limited,London,,3
Encora Software (UK) Private Limited,London,,3
ENERGY & COMPLIANCE TECHNOLOGY LTD,Wakefield,West Yorkshire,3
Energy Systems Catapult,Birmingham,,3
EnergyDrive Systems Ltd,Milton Keynes,,3
Enfusion Systems UK Ltd,London,,3
ENGAGE DIGITAL PARTNERS,LONDON,,3
Engage Digital Partners Limited,London,,3
Engineering Systems Design (Group) Ltd,Bolton,,3
Enigma Software Solutions Limited,London,,3
Enji Technologies,London,London,3
Enjoy Digital Communications Ltd,Leeds,West Yorkshire,3
Enlighten Software Limited,London,,3
Enmarq Technologies Limited,Reading,,3
ENSEMBLE SOFTWARE (UK) LIMITED,London,,3
ENSY SYSTEMS LTD,London,,3
Enterprise AI Technology Ltd,London,,3
Enterprise Analytics UK&I Ltd,Cambridge,,3
Entralon Technology Limited,London,,3
ENV Studio Ltd,London,,3
ENVELOP RISK ANALYTICS LIMITED,BRISTOL,,3
Envisage Digital,Bournemouth,Dorset,3
EPAM Systems Ltd,London,,3
EPI-USE Labs Limited,Manchester,,3
Epicor Software (UK) Limited,Bracknell,Berkshire,3
Epiq Systems Ltd,London,,3
Equiduct Systems Limited,London,,3
Equilibrium Labs Group Limited,London,,3
EQUUS SOFTWARE UK LIMITED,London,London,3
eResearch Technology Limited,Nottingham,,3
ERG Ltd T/A Cyberi,London,,3
ERI BANKING SOFTWARE LIMITED,London,,3
ERIKA TECHNOLOGY LTD,"London, Greater London",,3
Erly Stage Studios Ltd,Nine Elms,London,3
ERP Data Services Ltd,Milton Keynes,,3
ERPTREE TECHNOLOGIES LIMITED,London,England,3
ES SPARK DIGITAL LTD,Edinburgh,Scotland,3
Esoterix Systems Ltd,Bristol,Bristol,3
ESR Technology Ltd,Warrington,Cheshire,3
Essentia Analytics Ltd,London,,3
Essential Studio Ltd,Liverpool,,3
ESSURE TECHNOLOGIES LTD,Coventry,,3
Estrid Studios UK Ltd,London,,3
Ethnic Technologies (London) Limited,London,,3
Euler Labs Ltd,London,,3
EURO DIGITAL PRINT LTD,LONDON,,3
Eurofins Digital Product Testing UK Limited,Bristol,,3
Eurolink Technology Ltd,Leatherhead,Surrey,3
European Braking Systems Ltd,Manchester,,3
European Data Analytics Limited,Edinburgh,Lothian Region,3
European Technology Development Limited,Leatherhead,Surrey,3
European Technology Group Ltd.,London,,3
EVAM ANALYTICS LIMITED,London,,3
Evariste Technologies Limited,Reading,,3
EVBULB TECHNOLOGY LTD,London,,3
Event and Media Structures Ltd,Milton Keynes,,3
Everest Software Systems Limited,London,,3
Everyman Media Limited,London,,3
EVERYMATRIX TECHNOLOGY (UK) LIMITED,London,,3
Everything is Okay Limited t/a OKAY STUDIO,London,,3
Evolusion Innovation UK Ltd,Birmingham,,3
Evolutio Care Innovations LTD,Reading,Berks,3
Evolution Systems Limited,Newcastle,,3
Evolvi Rail Systems Ltd.,Oxford Street,Manchester,3
Exact Sciences Innovation Limited,Oxford,,3
Exactpro Systems Limited,London,,3
Exate Technology,London,,3
EXCHANGE DATA INTERNATIONAL LTD,LONDON,LONDON,3
Explode Social Media Ltd,Birmingham,,3
Expo Stars Interactive Ltd,Manchester,,3
Expo Technology Ltd,Sunbury On Thames,Surrey,3
Exponential Climate Technologies Ltd,London,,3
Extreme Networks UK Technology Limited,Reading,Berkshire,3
EXUS SOFTWARE LTD,LONDON,,3
Eyeballs to Data Points Limited,Manchester,,3
EyeEye Media Limited,London,London,3
F Studio London Ltd,London,,3
Faber Research and Technologies Limited,London,,3
Fable Data Ltd,London,,3
Facepunch Studios Limited,Birmingham,West Midlands,3
Facit Data Systems,Milton Keynes,,3
Facultatieve Technologies Limited,Leeds,West Yorkshire,3
Fadaat Media,London,,3
Fairfield Control Systems Limited,Retford,Nottinghamshire,3
Family Empowerment Media CIC,London,,3
Fan Systems Group Limited,Halifax,West Yorkshire,3
Fareye Technologies Pvt Ltd,Milton Keynes,,3
Farrer Digital Ltd,London,,3
Fast Food Systems Ltd,Reading,Berkshire,3
FBED LABS LTD,London,,3
FDS Systems Limited,Leeds,,3
Federated Financial Technology Limited,London,England,3
Fellow Studio Ltd,London,,3
Fentics Technology Limited,London,,3
Feral Interactive,London,,3
Fermentation Technologies Ltd,Oxford,,3
Fernhill Systems (Scotland) Ltd,Edinburgh,,3
Fether Labs Limited,London,,3
Fibretrace Technologies Limited,London,,3
Field Gibson Media Limited,London,,3
Field Systems Designs Limited,Surrey,,3
FIFTH ROW TECHNOLOGIES LIMITED,London,,3
Fifty Technology Limited,London,,3
Figured Software UK Limited,London,,3
Financial Data Management Limited,London,,3
Financial Network Analytics Ltd,London,,3
Financial Recovery Technologies UK Limited,London,,3
Finbourne Technology Limited,London,,3
Finsen Technologies Limited,London,,3
FinTech Collective UK Ltd,London,,3
Fintech Digital Solutions Ltd,London,,3
FINTECH FARM LTD,London,,3
FinTech Partners Ltd,London,,3
Fintech Rhythm Solutions Ltd,London,,3
Fintech Sandpit Limited,London,,3
FINTECH SCION LIMITED,London,,3
FINTECHOS TECHNOLOGY UK LTD,London,,3
Fire Suppression Technology Ltd,WOKING,Surrey,3
FIRE SYSTEMS LTD,KINGSTON UPON THAMES,SURREY,3
FireAngel Safety Technology Limited,Coventry,West Midlands,3
Firefinch Software Ltd,Edinburgh,Scotland,3
Firefish Software,Glasgow,,3
Fireproof Studios Limited,London,,3
Firetecnics Systems Limited,London,,3
First Technology Holdings Ltd,Reading,berkshire,3
Fishfinger Media Ltd,London,State...,3
FitFactory Innovations Ltd,Warrington,Cheshire,3
FlexEnable Technology Ltd,Cambridge,,3
Flexera Software Limited,Risley,Warrington,3
Flint UK Technology Services Ltd,Watford,Hertfordshire,3
FLIPPER TECHNOLOGIES LTD,London,England,3
floe technology limited,newcastle upon tyne,,3
FLOWER LABS CAMBRIDGE LTD,LONDON,,3
Fluent Studio Ltd,London,,3
Fluro Platform Limited,London,,3
Flutter Labs AI Ltd,London,England,3
Flywire Payments Limited,London,,3
Focused Labs UK Ltd,Bristol,Bristol,3
Folio Technologies Ltd,London,,3
Folio3 Software UK,Woking,Surrey,3
Fonoa Technologies UK Ltd,London,,3
Food Cloud Limited T/A Tikka Nation,Dorking,Surrey,3
FootballCo Media Ltd,London,London,3
Forecast Technologies limited,London,,3
Foremost 4 Media Limited,London,,3
FORESCOUT TECHNOLOGIES UK LTD,London,,3
Foresight Data Machines Ltd,London,,3
Forge Software Inc Limited,London,,3
ForInvest Technologies Ltd,London,,3
Form3 Technology Limited,London,,3
Forrit Technology Limited,Edinburgh,,3
Fortress Technology (Europe) Limited,Banbury,Oxfordshire,3
Fortune Technology Ltd,Glasgow,,3
FotoFinder Systems Ltd,London,,3
Found Studio Limited,London,,3
Fountainhead software ltd,Bristol,,3
FourJaw Manufacturing Analytics Ltd,Sheffield,South Yorkshire,3
Foxon Media Ltd,London,,3
FPT Software United Kingdom Ltd.,London,,3
Fractal Analytics UK Ltd,London,,3
Fractal Labs Ltd,London,,3
Freight Systems Express (Wales) Ltd,Cardiff,,3
FRESH GRAVITY SOFTWARE SERVICES UK LTD,London,,3
FRESHWORKS TECHNOLOGIES UK LIMITED,London,,3
FRICTIONLESS TECHNOLOGIES LTD,London,,3
Frischmann Process Technology Limited,London,,3
Frontdoor Labs Ltd,London,,3
FRONTIER SPACE TECHNOLOGIES LTD,Birmingham,,3
Frontiers Media Limited,London,,3
FRONTLINE NEWS & MEDIA LIMITED,London,,3
Froxy Labs Ltd,London,,3
FRUITFUL SOFTWARE LIMITED,London,,3
Fruitlab Media Ltd,Huddersfield,West Yorkshire,3
FS.COM INNOVATION LTD,Birmingham,,3
Fuel Cell Systems Limited,Hungerford,Berkshire,3
FULCRUM DIGITAL (UK) LIMITED,London,,3
Fulcrum Global Technologies UK Limited,London,,3
Fulcrum Labs UK Limited,London,,3
Fundamental Media Limited,London,,3
Funfair Technologies Limited,London,,3
Fusion Health Technology Solutions UK Ltd,London,,3
FusionAIx Technologies Limited,London,Greater London,3
Fusionride Technology (UK) Limited,London,,3
Future Health Technologies Ltd,Nottingham,,3
Future Intelligence Technology Solutions Limited,Reading,Berkshire,3
Future Platforms Limited,London,,3
Future Tech Labs Limited,Guildford,Surrey,3
Future Technology Group Ltd,Chatteris,Cambridgeshire,3
Future Transport Systems,Newcastle Upon Tyne,Tyne and Wear,3
Futuristic Technology Limited,London,,3
Fuzzy Labs,Manchester,,3
FX Digital Ltd,London,,3
Fyber Digital UK Ltd,London,,3
G2O Water Technologies Ltd,Manchester,,3
Galactic Media Management Limited,Glasgow,,3
Galaxy Digital UK Limited,London,,3
Gameplan Technology Limited,London,,3
Gaming Technology Solutions Ltd (Trading as GTS Ltd),London,,3
Gardenia Technologies Ltd,London,London,3
GARDNER PUZELLI MEDIA LTD.,Edinburgh,Scotland,3
Garrison Technology Ltd,London,,3
Gateview Technologies Limiited,Leeds,,3
GBBC Digital Finance Limited,London,,3
GBR Technology Limited,"Silchester, Reading",Berkshire,3
GBTEC Software UK Ltd,London,,3
"GC Studios Limited, t/a Peregrine",London,,3
GCP Applied Technologies (UK) Limited,Slough,Berkshire,3
GDG TECHNOLOGIES LTD,London,,3
GEM Data Group UK Limited,London,,3
Gemini Payments UK Ltd,London,,3
GENASYS TECHNOLOGIES UK LTD,London,,3
GENERAL SOFTWARES LIMITED,LONDON,ESSEX,3
Generation Media Limited,London,,3
Generative Finance Technologies Limited,London,London,3
Generis Enterprise Technology Limited,London,,3
Genesis Analytics,London,,3
Genesis Global Technology Limited.,London,,3
Genesis Technology Services Limited,Peterborough,Cambridgeshire,3
Genie Technology Limited,London,London,3
Genisys Software Ltd,London,,3
Genius Software Solutions Limited,Glasgow,,3
Genomic Labs LTD,Bristol,,3
GEOFF HALL DIGITAL PRINT LTD T/A Ghdigitalprint.com,glasgow,lanarkshire,3
Germains Seed Technology (a division of ABF Grain Products Limited),London,,3
GFC Media Group Limited,London,,3
GfK Retail and Technology UK Limited,London,,3
Giesecke+Devrient Currency Technology GB Ltd,Milton Keynes,,3
GILBRALTAR Technologies limited,Reading,,3
GivEnergy Software Ltd,Newcastle-under-Lyme,Staffordshire,3
GKN Aerospace Services - Engineering and Technology,Bristol,,3
Glimpse Analytics Ltd,Central Milton Keynes,,3
Globacap Technology Limited,London,Great London,3
Global Change Data Lab,Oxford,,3
Global Digital Express Limited,LONDON,,3
Global Education Management Systems Limited,Bristol,,3
GLOBAL FINANCIAL INNOVATIONS LTD,LONDON,LONDON,3
Global Fund Media Limited,London,,3
Global Inkjet Systems Limited,Cambridge,,3
Global Innovation Fund Ltd,London,,3
Global Interactive Marketing On-Line Limited,London,,3
Global Media Group Services Limited,London,,3
Global Partners Digital,London,,3
Global Pricing Innovations,London,,3
Global Reach Technology EMEA Ltd,London,,3
Global Technologies International Limited,Glasgow,,3
Global Technology Ltd,Warrington,Cheshire,3
GLOBAL1DIGITAL MEDIA LIMITED,London,,3
Globe Technologies Uk Ltd,Coleshill,Birmingham,3
Glory Technology Development UK Ltd,London,,3
GMEX Innovation Limited,London,Greater London,3
GNW DESIGNER STUDIO LTD,York,North Yorkshire,3
GO FIT LIFE SCIENCE AND TECHNOLOGY UK LIMITED,LONDON,,3
Godel Technologies Europe Ltd,Manchester,Greater Manchester,3
Gold Mountain Labs Ltd,London,,3
Gold Top Media ltd,London,London,3
Golden Data Limited,Ardwick,Manchester,3
Goldtakas Technologies Limited,London,,3
Good Food Studio Ltd,London,,3
Good Innovation Ltd,London,,3
GOOD LAW SOFTWARE LTD,London,,3
Goodboy Digital Limited,London,,3
GOODS & SERVICES TECHNOLOGY LIMITED,LONDON,,3
GOT Technologies (UK) Ltd,London,,3
GoTo Technologies UK Limited,London,,3
GPC Computer Software Ltd,Manchester,,3
Gradient Labs Limited,London,,3
Grafana Labs Ltd,London,,3
Graham Hart (Process Technology) Ltd,Bradford,West Yorkshire,3
Granola Labs,London,,3
Grapeseed Media Ltd,London,,3
Graphene Innovations Manchester Ltd,Manchester,,3
Graphic Media Company Limited,Bolton,,3
Graphite Digital Ltd,Brighton,East Sussex,3
GRAPHY TECHNOLOGIES LTD,London,,3
Grasp Technologies Limited,London,,3
Gravity the Studio LTD,London,,3
Grayson Automotive Services Limited T/A Grayson Thermal Systems,Birmingham,,3
Green Soft Technologies LTD,London,,3
Greenback Recycling Technologies,London,,3
GREENPULSE INNOVATIONS LTD,London,,3
GreenScale Data Centres Limited,London,,3
Gresham Technologies (Solutions) Limited,London,,3
Gresham Technologies plc,Southampton,Hampshire,3
GreyMatters Technologies LTD,Bristol,,3
Greystoke Studio,London,London,3
GRIP Technologies Limited,Surrey,,3
Groove Platforms Africa Ltd,Forest Hill,London,3
Ground Control Studios,London,,3
Ground Truth Labs Ltd,London,,3
Growth Technologies Limited,"London,",,3
GSR Technology Europe Ltd.,Bracknell,Berkshire,3
GT Wings t/a GT Green Technologies Limited,Liverpool,,3
GTN Market Data Services Ltd,London,,3
Guang Hua Media UK Ltd.,London,,3
Guardian News and Media Ltd.,London,,3
Guidance Technologies Limited,London,,3
Guidewire Software (UK) Limited,London,,3
Guralp Systems Limited,Reading,Berkshire,3
Guru Systems Limited,London,,3
GW ART STUDIO LTD,Nottingham,,3
H. AI Technology Limited,London,,3
Haefele Software Limited,London,,3
Haefele Software Ltd,London,,3
HAHNBECK BUSINESS SYSTEMS LTD,London,,3
Half Moon Studios Ltd.,London,,3
Halfords Media UK Limited,London,,3
HALLEYIN SOFTWARE CONSULTANCY LTD,"Fitzrovia, London",,3
Halo Media Communications Ltd,Bristol,,3
Hambi Media Ltd,London,,3
Hamillroad Software Limited,Cambridge,,3
Hamish Powell Studio Ltd,London,,3
Hammerhead Interactive Ltd,London,,3
HAMPTON DATA SERVICES LTD,CHESSINGTON,SURREY,3
Handle Technologies Ltd,London,London,3
Hansen Technologies CDE Limited,London,,3
Happening Technology Ltd,London,,3
Happiest Minds Technologies Pvt Ltd,Reading,Berkshire,3
Harasoft Technologies Limited,Milton Keynes,Buckinghamshire,3
Harley Street Studio Ltd,London,,3
Harri Technologies (UK) Limited,Barnet,Hertfordshire,3
Harris Systems Limited,Wokingham,Berkshire,3
Harvest Digital Ltd,London,,3
HASUNA MEDIA LTD,London,,3
Haud Systems UK Limited,London,,3
Haulmont Technology Limited,London,,3
Havas Media Limited,London,,3
Haver Analytics Limited,London,,3
Hay Technology Limited,London,,3
HBA Media Limited,London,Greater London,3
HCL Technologies UK Limited,London,,3
Health Data Insight CIC,Cambridge,,3
Health Innovations UK Ltd,Skipton,North Yorkshire,3
Heat Geek Technologies Ltd,London,,3
Heatherwick Studio,London,,3
HELMGUARD TECHNOLOGIES UK LIMITED,London,,3
Helpful Technology Limited,London,,3
Henley Media Group Ltd,London,,3
Hermes Logistics Technologies Ltd,Bracknell,Berkshire,3
Heroes Technology Ltd,London,,3
Hertswel digital ltd,Hertford,Hertfordshire,3
HEXAWARE TECHNOLOGIES UK LTD,LONDON,,3
HiETA Technologies Limited,Bristol,,3
High Digital Limited,London,,3
Higher Concept Software Limited,Reading,,3
Highlander Computing Solutions Ltd,Sheffield,,3
Hippo Digital Limited,Leeds,,3
HIPPO LABS LTD,London,,3
Hippocampus Media Ltd,London,,3
Hippos Studio Image LTD,Leeds,,3
Hirehop Software Limited,London,,3
Hitachi Digital Services UK Limited,London,,3
Hivebyte Technology Ltd,Manchester,,3
HMX Media Limited,London,,3
HMY UK INNOVATION IN RETAIL LTD,Newcastle Upon Tyne,,3
HN WEST HAMPSTEAD LTD trading as Honu Nail Studio,London,,3
Hocus Pocus Studios Ltd,London,,3
"Holborn Studios, T/A Studio Kitchen",London,,3
Holler Media Ltd,London,,3
Homelink Technologies,Bristol,Stoke Gifford,3
Hometrack Data Systems Limited,London,London,3
Homey Technology Ltd,London,,3
"HONOR TECHNOLOGIES (UK) CO., LTD",London,,3
HOOK TECHNOLOGY LTD,LONDON,,3
Hoopla Digital Ltd,London,London,3
Hootsuite Media UK Ltd,London,,3
Hope Studios Productions 2 UK Ltd,London,,3
Hopp Studio Limited,Cardiff,Cardiff,3
HORIZONTAL DIGITAL UK LIMITED,Leeds,,3
Horse's Mouth Media Limited,London,,3
HOSPITALITY AND RETAIL SYSTEMS LTD,Mortimer,Berkshire,3
Hossack & Co T/A Hossack Studio,London,,3
Hot Pot Digital Limited,London,,3
HOTEL SYSTEMS & SOLUTIONS LIMITED,Cardiff,,3
Hotel Technology Management (htm) ltd,Milton Keynes,Bucks,3
House-on-the-Hill Software Ltd,Stockport,Greater Manchester,3
HPCi Media Ltd,London,,3
HR DIGITAL CONSULTANCY LTD,London,,3
HS Printing & Computing Ltd T/A Broadway Printers & Computers,Wallington,Surrey,3
HT Digital Ltd,London,,3
HT Digital Services Ltd,London,,3
"Huawei Technologies (UK) Co., Ltd",Reading,Berkshire,3
Huawei Technologies Research & Development (UK) Limited,Cambridge,,3
Hub Platform Technology Partners Ltd,London,,3
Huble Digital Limited,London,,3
Humaans Software UK Limited,London,,3
Human Digital Twin Limited,London,,3
HUP TECHNOLOGY LIMITED,London,,3
Hurst Media Labs,London,,3
Hyble Technology Ltd,Edinburgh,,3
HYDAC TECHNOLOGY LIMITED,Witney,Oxfordshire,3
HYDRA STUDIOS LTD,GLASGOW,,3
Hydropath Technology Ltd,Nottingham,,3
Hylink (UK) Digital Solution Limited,London,,3
HYNT LABS LIMITED,LONDON,,3
Hyperion Systems Limited,Guildford,Surrey,3
Hypixel Studios Ltd,Londonderry,Derry,3
Hyran Technologies Ltd,Cambridge,,3
I Solution Technology Ltd,London,,3
i-media advertising Limited,London,,3
IBRAHIM & RAYAN TECHNOLOGIES LTD,Didcot,Oxfordshire,3
IBS Software Europe Ltd,Bracknell,Berkshire,3
IBT Media Ltd,London,,3
ICE Data Services Europe Limited,London,,3
Iceni Labs Limited,London,,3
Iceotope Technologies Limited,Catcliffe,Sheffield,3
ICTS Europe Systems Limited,London,,3
ID Cyber Solutions Ltd,Glasgow,Glasgow,3
IDEAL COMPUTING.CO.UK LIMITED,EDINBURGH,,3
Idox Software Ltd.,Woking,Surrey,3
IDS TECHNOLOGY LIMITED,London,,3
IDX Technology Europe Ltd,Slough,Berkshire,3
Ieso Digital Health Limited,Cambridge,,3
IFIX COMPUTING LTD,Letchworth Garden City,Hertfordshire,3
IGNITE INNOVATIONS LIMITED,"London, United Kingdom",,3
IGNITE TECHNOLOGIES INTERNATIONAL LIMITED,London,,3
Ignitus Labs Ltd.,London,,3
Ignota Labs Limited,Cambridge,,3
iGrid Technology Consulting Ltd,Glasgow,,3
IHOMES LONDON MEDIA ROOMS LIMITED,LONDON,,3
IIT Software Limited,London,,3
Ikigai Data Ltd,London,Select One,3
IKNOW TECHNOLOGY UK LTD,London,,3
Illuminate Digital Limited,London,,3
Illustrate Digital LTD,Cardiff,,3
Image Data Systems (UK) Ltd,London,,3
"Imagine Software (UK), Ltd.",London,,3
Imam Al Hussein Media Group Ltd,London,,3
IMD Media Limited,London,,3
IMD Technologies Ltd,London,Choose County,3
IMG Media Limited,London,,3
Immediate Media Company Limited,London,,3
IMMERSIVE CLOUD SOLUTIONS GROUP LIMITED,Windsor,Berkshire,3
Immersive Labs Holdings,Bristol,Bristol,3
IMMO Investment Technologies UK Ltd,London,,3
IMPACT CONTROL SYSTEMS LTD,LIVERPOOL,ENGLAND,3
Impact Cubed Data Analytics Limited,London,,3
Impact Data Metrics Ltd,Liverpool,,3
Imply Data UK Limited,London,,3
IMPRESSION DIGITAL LIMITED,NOTTINGHAM,,3
Impulse Innovations Limited,London,London,3
In Development Studios Limited,Cambridge,Cambridgeshire,3
In Digital Ltd,London,,3
In Digital Marketing Limited,London,,3
Inbound Fintech Limited,London,,3
Incode Technology UK Limited,Nottingham,,3
Incredible Technologies Limited,London,,3
Independent Digital News and Media Limited,London,,3
Independent Technology Systems Limited,Bristol,,3
Indulge Media UK Limited,Woodstock,Oxfordshire,3
INDUSTRIAL IT SYSTEMS LTD,Brighton,,3
Industrial Tomography Systems plc,Manchester,,3
Inetum Digital Services UK Limited,London,,3
Infineon Technologies UK Limited,Bristol,,3
Infinity Labs IT Services Limited,Birmingham,,3
INFINITY MEDICAL INNOVATIONS LTD,Feltham,London,3
Influence Digital Limited,London,,3
Infoplus Technologies UK Limited,London,,3
Infopro Digital Services Ltd,London,,3
INFOSEC CYBER SECURITY LTD,LONDON,,3
Inframind Labs Ltd,Cambridge,,3
Infrasoft Technologies Limited,London,,3
INFRONT SPORTS & MEDIA UK LIMITED,London,,3
ING MEDIA LIMITED,London,,3
Ingenuity Digital Limited,Leeds,,3
INNOVA TECHNOLOGY SOLUTIONS UK LIMITED,London,,3
Innovation & Innovative UK Limited,London,,3
Innovation Advances Limited (trading as Orthopaedic Innovation),London,,3
Innovation and Insight Global Limited,London,,3
INNOVATION CONSULTING AND SOLUTIONS LTD,Birmingham,,3
Innovation Eco Solutions Ltd.,London,,3
Innovation Fire Engineering Ltd,Leeds,,3
Innovation Forum Publishing Limited,London,,3
INNOVATION IT CONSULTING LIMITED,London,,3
Innovation Tax Specialists Limited,Welwyn Garden City,Hertfordshire,3
Innovation Technology and Business Solutions Limited,London,,3
INNOVATIVE MEDIA AGENCY LTD,Sheffield,,3
Innovative Risk Labs Limited,London,,3
Innovative Systems Incorporated,London,,3
Innovia Technology Ltd,Cambridge,,3
Insider Technologies Limited,Greater Manchester,,3
Insight Analytics Solutions Limited,Nottingham,Nottinghamshire,3
Insightful Technology Limited,London,,3
Insmed Innovation UK Ltd,Cambridge,,3
Instant Access Technologies,Wokingham,Berkshire,3
Instinct Studios Limited,London,Greater London,3
InTandem Systems Ltd,Southampton,Hampshire,3
INTEGRA SOFTWARE SERVICES PRIVATE LTD,Berkshire,,3
Integrated Fire Safety Systems Ltd,London,London,3
Integrated Media Solutions LTD,"LONDON,",,3
Integrated Technology Corporation Ltd,London,,3
Intelance Digital Enablement Services Ltd,Hayes,Greater London,3
Intelligent Data Technologies Limited,Weybridge,Surrey,3
Intelligent Maintenance Systems Limited,Milton Keynes,,3
Intelys Technology Limited,Windlesham,Surrey,3
Intense Technologies UK Limited,Reading,Berkshire,3
Interactive Brokers (U.K.) Limited,London,,3
Interactive Investor Services Ltd,Leeds,,3
Interactive Management Solutions Ltd,"Hessle, Hull,",East Yorkshire,3
INTERACTIVE MEDIA BRITAIN LIMITED,London,,3
Interactive Systems Ktd,Manchester,,3
Interactive Technology Corporation Ltd,Manchester,,3
Interactive Workshops Limited,London,,3
Intercom Software UK Limited,London,,3
Intergence Systems Ltd,Cambridge,Cambs,3
Intermed Innovations Limited,London,,3
Intermedia Technologies Company Ltd,Bristol,,3
International Food Technologies Ltd,London,London,3
International Residential Media Limited,London,,3
Intersoft Systems & Programming Ltd,Egham,Surrey,3
Intrix systems Limited,Rickmansworth,Hertfordshire,3
Introworld Technology Limited,London,,3
Intruder Systems Ltd,London,,3
INTUBATION STUDIO LTD,London,,3
INURFACE MEDIA LTD,London,,3
Investement Software Limited,London,,3
Investis Digital Limited,London,,3
INVISIBLE SYSTEMS LTD,Manchester,,3
IOKODA TECHNOLOGIES LTD,London,Fitzrovia,3
IOPEX TECHNOLOGIES LTD,LONDON,,3
IOT Innovation Lab Ltd,Leyton,London,3
IOTech Systems Limited,Newcastle Upon Tyne,Tyne and Wear,3
IPC Information Systems,London,,3
Iphoenix Studio Ltd,London,,3
IQ Data Group Limited trading as DataIQ,London,,3
IQEQ DIGITAL LTD,Birmingham,,3
Irha & Inaya Ltd. T/ A Cyberlinks,Manchester,,3
iRhythm Technologies Limited,Bagshot,Surrey,3
IRIS Audio Technologies Limited,London,,3
iRiS Software Systems Ltd,London,,3
Island Technology (UK) Limited,Reading,,3
ISN Software UK Ltd,London,,3
Isometrix Software UK Ltd,London,,3
Isomorphic Labs Limited,London,,3
IT Retail Systems Ltd,Huddersfield,West Yorkshire,3
IT Software Consultancy Services Limited.,Reading,,3
ITALIK STUDIO LTD,LONDON,,3
Itineris Software UK Ltd,Kingston upon Thames,Surrey,3
ITS Digital Ltd,Hertford,Hertfordshire,3
Itza Media Ltd.,London,,3
Ivy Farm Technologies,Oxford,,3
IXICO Technologies Ltd.,London,,3
iya studio ltd,london,Greater London,3
J.S AESTHETICS STUDIO LIMITED,London,Kensington and Chelsea,3
Jade Software Corporation UK Ltd,Harrogate,North Yorkshire,3
JAI TECHNOLOGIES LTD,READING,BERKSHIRE,3
JAL RANG DIGITAL PRINTING LTD,LONDON,,3
Jamworks Platform Limited,Farnham,Surrey,3
JAR SOFTWARES LONDON LTD,London,,3
Jas Live Digital Limited,Coventry,,3
Jason Bruges Studio Ltd,London,,3
JAZ TECHNOLOGIES LTD,Leeds,,3
JBC Control Systems Limited,Manchester,,3
Jc Data Solutions Limited,READING,,3
Jeen AI Technologies UK Ltd,London,,3
Jewish Chronicle Media Ltd,London,,3
JK Digital Consulting Limited,London,,3
Joan Technologies Ltd,Milton Keynes,,3
JOB PROTOCOL LABS LTD,London,,3
Johnson Matthey Davy Technologies Limited,London,,3
Jolene Farmer Studio Ltd,London,London,3
Jonas Metals Software Limited,Wallingford,Oxfordshire,3
JOURNEY DIGITAL EMEA LIMITED,London,,3
JRD INNOVATIONS LIMITED,Coventry,,3
JRD Innovations Ltd,Coventry,,3
Jukin Media Limited,London,,3
JULIAND DIGITAL LTD,Manchester,,3
Juno Media Limited,"7-10 Greenland Street, London",,3
Jusan Technologies Ltd,London,,3
Just Digital Ltd,HUNTINGDON,Cambridgeshire,3
Just Technology Group Ltd,Bolton,,3
Justified Studio LTD,London,,3
JUUL Labs UK Ltd,London,,3
K T I SYSTEMS LIMITED,Ilford,London,3
K.Labs Group Limited,London,,3
K3 Business Technology Group plc,Manchester,,3
K7 Media Ltd,Manchester,,3
Kaifa Technology UK Limited,Milton Keynes,Buckinghamshire,3
Kairos Media Ltd,London,,3
KAL Software UK,Edinburgh,,3
Kaldi Financial Technology Ltd,London,,3
Kalibrate Technologies Limited,Manchester,,3
Kamu Technologies Ltd,Birmingham,,3
Kantar Media Audiences Limited,London,,3
Kanto Systems Limited,London,,3
Kapital Media London Limited,London,,3
Kargo Media Ireland Ltd,London,,3
KARMA INNOVATIONS LTD,Glasgow,,3
Kassel Media Ltd,Greater London,,3
KATAM TECHNOLOGIES LTD,MAIDENHEAD,BERKSHIRE,3
KATANA CREATIVE MEDIA LIMITED,LONDON,,3
KATRYAN TECHNOLOGIES LTD,LONDON,,3
Kayak Software (UK) Limited,London,,3
KBBS Systems UK Ltd,Birmingham,,3
KBC Process Technology Ltd,Walton on Thames,Surrey,3
KBS TECHNOLOGIES LTD,Birmingham,,3
KDMS Payments Limited,London,,3
Keeper Systems Ltd,London,,3
Keet Technology Solutions Ltd,Edinburgh,Midlothian,3
Kepler Interactive Limited,LONDON,,3
Kepler Technologies Limited,London,,3
Kerridge Commercial Systems Ltd,Hungerford,Berkshire,3
KeyIT Technologies Ltd,London,,3
Keysight Technologies UK Limited,Wokingham,Berkshire,3
Keyvantus Digital Solutions Limited,Birmingham,,3
Keywords Studios Limited,London,,3
KEZBAN MEDIA AND PUBLISHING LIMITED,London,,3
Kheiron Medical Technologies Ltd,London,,3
KHP Medtech Innovations Ltd,London,,3
KIDZ KABIN PEMBROKE STUDIOS LIMITED,LONDON,,3
Kiln Technologies Limited,London,,3
Kinetic Technologies Europe Limited,Edinburgh,,3
Kingdom Technologies Ltd,Glasgow,,3
KIORI STUDIO LTD,London,,3
Kiri Technologies Ltd,London,,3
Kirkdale Studios Ltd,London,,3
Kitt Technology Ltd,London,,3
KJR Software Services Ltd,Reading,,3
Klinera Data Services Limited,London,,3
Knorr-Bremse Systems for Commercial Vehicles Ltd,Bristol,,3
Knowle West Media Centre,Bristol,,3
Knownorigin Labs Limited,Manchester,,3
Knox Digital Limited,London,,3
Ko-Fi Labs Limited,Cambridge,Cambridgeshire,3
Kode Media Ltd,London,,3
Kohort Software Limited,London,,3
kommuru technologies ltd,LONDON,,3
Komodo Digital Ltd,Newcastle upon Tyne,,3
Komodo Media Limited,London,,3
Kongsberg Actuation Systems Limited,Normanton,West Yorkshire,3
Konverge Technologies Limited,London,,3
Kooth Digital Health Limited,London,,3
KORE IT TECHNOLOGY SERVICES LTD,London,,3
Kore Software Limited,London,,3
Koto Studio Ltd,London,,3
KPIT TECHNOLOGIES (UK) LTD,COVENTRY,,3
KPS Digital Ltd,London,,3
Kraken Technologies Limited,London,,3
Kratos Analytical Ltd,Manchester,,3
Krome Technologies Limited,Chertsey,Surrey,3
KRUCX TECHNOLOGIES LIMITED,London,,3
Kubix Media Ltd,Birmingham,,3
Kunai Technology Limited,London,,3
Kurst Studios Ltd,London,London,3
kushi media ltd,London,,3
KWA Analytics Ltd,London,,3
KYDOS DIGITAL LTD,Manchester,,3
KYM Technology Ltd,Birmingham,,3
L & G Technologies Limited,Birmingham,,3
L&T Technology Service Limited,London,,3
LABORIE MEDICAL TECHNOLOGIES UK,Banbury,Oxfordshire,3
Labrys Technologies Ltd,Elstree,Hertfordshire,3
LABSTER APS,London,,3
LAC Conveyor Systems Ltd,Nottingham,Nottingham,3
LADERA TECHNOLOGY LTD,Reading,BERKSHIRE,3
Lama Technology Group Limited,London,,3
Land Technologies Limited (LandInsight),London,,3
land wave studio LTD,London,,3
Landa Digital Printing UK Ltd,Cambridge,Cambridgeshire,3
Larian Studios UK LTD,London,Select,3
Laser Cladding Technology LTD,Worksop,Nottinghamshire,3
Laser Digital UK Ltd,London,,3
Latent Labs Limited,London,,3
Latent Technology Ltd,London,,3
Latentview Analytics UK Limited,London,,3
Latsen Technology Ltd,Liverpool,,3
Lattice Labs Ltd.,London,,3
Lattice Technologies Limited,London,,3
Laurel Co Technology Limited,London,,3
Layer Systems Limited,Glasgow,,3
LayerZero Analytics Ltd,London,,3
Leading Globe Technology Limited,London,,3
Lean Technologies Development (UK) Limited,London,,3
Learning Labs,Birmingham,,3
Learning Technologies Group PLC,Brighton,East Sussex,3
Ledger Technologies UK LTD,London,,3
Legado Technologies Limited,Edinburgh,,3
Lego Digital Play Limited,LONDON,,3
"Leidos Innovations Global, Inc.",London,,3
Leidos Innovations UK Ltd,Glasgow,,3
LEKO LABS UK LIMITED,Cambridge,,3
Lemonade Art Studio Limited,London,,3
Lenkie Technologies Limited,London,,3
LEOMIND LABS LTD,London,,3
LEONI Wiring Systems UK Limited,Newcastle,,3
Lester Control Systems Limited,Croydon,Surrey,3
LetterOne Technology (UK) LLP,London,,3
LEVEL THREE TECHNOLOGY SOLUTIONS LTD,Birmingham,,3
Levels Technologies Ltd,London,,3
Lexia Analytics,Bristol,County,3
Lianco Technologies Limited,London,,3
LIFELINE FIRE AND SAFETY SYSTEMS LIMITED,Coventry,West Midlands,3
LifeProven Technologies,London,,3
Light Upon Light Media Limited,London,,3
Lighting Design Studio Ltd,London,,3
"LIGHTRIVER TECHNOLOGIES UK, LIMITED",London,,3
Lightsense Technologies Ltd,London,England,3
LIGHTSOUT MEDIA LTD T/A SILHOUETTE UK,LONDON,,3
Lilt Technologies Limited,London,,3
Limax Studios Ltd,FARNHAM,SURREY,3
Lime Technology Limited,London,UK,3
LIMITOWEB TECHNOLOGIES LTD,Birmingham,West Midlands,3
Linda Boronkay Design Studio LTD.,London,,3
Line-Technology Networks Ltd,London,,3
Link Data Management Solutions Ltd,Cardiff,,3
Linkedin Technology UK Limited,LONDON,,3
LinkedTrade Technologies Ltd,London,,3
Linus Technology Ltd,Sheffield,South Yorkshire,3
Linx Printing Technologies Limited,St Ives,Cambridgeshire,3
Little Star Media Ltd,Milton Keynes,,3
LITTLEDATA TECHNOLOGIES LTD,Newbury,Berkshire,3
Liveology Digital Media UK Ltd,London,,3
Liverpool Media Academy Limited,Liverpool,,3
Livewire Digital Ltd,Leatherhead,Surrey,3
LIVEWORK STUDIO LTD,London,London,3
LivFul Innovation Limited,Warrington,,3
Livingstone Technologies Limited,York,,3
Lloret Control Systems Ltd,Coulsdon,Surrey,3
LMS Recruitment Systems Ltd,Skipton,North Yorkshire,3
LO STUDIO IVANA GIACHINO CONSULTANCY LIMITED,London,,3
Lock Studios Ltd,london,United Kingdom (+44),3
Lola Performance Technologies,London,- select -,3
Lomare Technologies Ltd,London,,3
London College of Management and Technology London Limited,Hayes,Greater London,3
London College of Marketing and Technology (LCMT),London,,3
LONDON DIGITAL LAB LIMITED,London,,3
London Fluid System Technologies Ltd,Kings Langley,Hertfordshire,3
LONDON MEDIA HOUSE LTD,London,,3
London Performance Studios CIC,London,,3
LONDON SCHOOL OF BUSINESS & COMPUTING LTD,London,Havering,3
London School of Science & Technology Limited,London,,3
Longshot Systems Limited,London,,3
Longwave Digital Ltd,Leeds,,3
Loqbox Technology UK Limited,Bristol,,3
Lotus Technology Innovative Limited,London,,3
Louis Zhang Studio Limited,London,,3
Lovable Labs UK Limited,London,,3
LOVEIT STUDIOS LTD,Leeds,,3
LOVIE TECHNOLOGY LTD,London,,3
LPG SYSTEMS UK LTD,London,,3
LPS Ehealth Software Limited,London,,3
LTI TECHNOLOGY SOLUTIONS LIMITED,Reading,Berkshire,3
Lumina Innovations Limited,London,,3
Luminance Technologies Ltd,London,,3
LUMOS MEDIA LTD,London,,3
LUNAR LABS LIMITED,London,,3
Luther Systems Limited,London,,3
LUUX Digital Media Limited,London,,3
Luvia Digital Ltd,Milton Keynes,,3
Lydia Digital Ltd,London,,3
LYFE TECHNOLOGY LIMITED,Bristol,,3
Lynchpin Analytics Ltd,Edinburgh,Lothian,3
M & M CYBER CAFE LTD,London,,3
M&M FINTECH LIMITED,London,,3
M.i. Media Services ltd,London,United Kingdom,3
M2A Media Ltd,London,Greater London,3
M3 TECHNOLOGY LTD,London,,3
MAARAN TECHNOLOGIES LIMITED,Romford,London,3
Macfarlane Media Limited,London,,3
Macfarlane Media Limited /The Media Image,London,,3
Machine Medicine Technologies Ltd,London,,3
MADE IN LONDON MEDIA LIMITED,London,,3
Made Media Ltd,Birmingham,,3
Magentic Labs Limited,London,,3
MAGIC LABS IT LTD,Coventry,,3
MAGIC SOFTWARE SERVICES LTD,LONDON,,3
MAIA Tech Systems Ltd,Huddersfield,West Yorkshire,3
MAIA Technology Limited,London,,3
Mainroom Media Ltd,Manchester,Greater Manchester,3
MAISHA TECHNOLOGY LIMITED,London,,3
Manchester Cupid Studio Ltd,Manchester,,3
MANNAT TECHNOLOGIES LIMITED,BRISTOL,,3
Manta Ray Media Ltd.,London,,3
Mantic Technologies Limited,London,,3
MANTLE LABS LIMITED,LONDON,,3
Mantra Systems Limited,Sheffield,South Yorkshire,3
MAPP Digital UK Ltd,London,,3
MARA LABS UK LIMITED,London,,3
MARCOM DIGITAL SOLUTIONS LTD,COVENTRY,WEST MIDLANDS,3
Marcus Barnett Studio,London,,3
Margaux Platforms Limited,London,,3
MARHABA TELECOMMUNICATION SYSTEMS LTD,BIRMINGHAM,,3
MarineGuard Systems Ltd,Southampton,Hampshire,3
Market Cloud Ltd,London,,3
Markethub Technologies Ltd,London,,3
Marketplace Platforms Limited,London,,3
Marlan Maritime Technologies Ltd,Liverpool,Merseyside,3
Marquis Technologies Limited,London,,3
MARS DIGITAL SOLUTIONS LTD,Manchester,Greater Manchester,3
Marshall Land Systems Ltd,Cambridge,England,3
Marshmallow Technology Ltd,London,,3
Martin Brudnizki Design Studio,London,,3
Marv Studios Limited,London,,3
Marx Technology Consulting Ltd,London,,3
MASS Analytics Ltd,London,,3
MASSIVE DESIGN STUDIO LTD,London,,3
Mastek Systems Company Limited,London,,3
MASTER SOFTWARE SOLUTIONS LTD,READING,,3
Mastered Studios,London,,3
Matfron Automation Technology Limited,London,,3
MATRIX INFORMATICS LTD,London,,3
Matrix Technology Solutions Limited,Halifax,West Yorkshire,3
Mauve Corporate Systems UK Limited,London,,3
Maven Screen Media Ltd,London,,3
Maven Technology Limited,London,,3
Mavenir Systems Limited,Reading,,3
Maverick Education Technologies Ltd,Brighouse,West Yorkshire,3
Max Studio Trading Limited,London,,3
Maxed Up Media Ltd,Manchester,Greater Manchester,3
Maxilux Systems Ltd,Coventry,,3
Maya Technologies Limited,London Heathrow,,3
MBH Design Studio Ltd,West Bylfleet,Surrey,3
MCDOWELL DIGITAL MEDIA LTD,London,,3
MCI Systems LTD,Farnham,Surrey,3
MCQUEEN'S MEDIA LTD,London,,3
MCS Rental Software Limited,Maidenhead,Berkshire,3
MD STUDIO LIMITED,London,,3
MDX Technology Limited,London,,3
MED MEDIA GROUP LTD,LIVERPOOL,,3
Medevice Digital Ltd.,Cambourne,Cambridgeshire,3
Media Advancements Limited,London,,3
Media Agency Group Ltd,London,,3
Media Analytics Ltd,Oxford,Oxfordshire,3
Media and Entertainment Solutions Ltd.,London,,3
Media Beast Limited,Birmingham,,3
Media Bounty,London,,3
MEDIA BOUNTY LTD,LONDON,,3
Media Bridge Ltd,London,,3
MEDIA CITY SERVICE CENTRE LIMITED,Manchester,,3
Media Finance Capital Limited,London,,3
Media Forty Two Limited,London,,3
Media IP Rights Limited,LONDON,,3
Media Legal Defence Initiative,London,,3
Media Liberty Ltd,London,,3
Media Minds Global Ltd,Claygate,Surrey,3
Media Reach Advertising Limited,London,,3
Media Source Plus Ltd.,London,,3
Media Ventures International Limited,London,,3
MEDIA ZOO LIMITED,LONDON,,3
MediaBodies Limited,Leeds,West Yorkshire,3
Mediabrands EMEA Ltd,London,,3
MEDIACO LIMITED,MANCHESTER,,3
Mediagenix Ltd,London,,3
MediaKind Systems UK Limited,Southampton,,3
Medialab Group Limited,London,,3
Medialake AI Limited,London,,3
MEDIAMADE LTD,London,,3
MediaMonks London Limited,London,,3
Mediaocean Systems Ltd,London,,3
Mediaplanet Limited,London,,3
Mediaplus Group UK Limited,London,,3
MediaSense Communications Ltd,London,,3
Mediatel Limited,London,London,3
Mediavision Interactive,Farringdon,London,3
Medic One Systems Ltd,London,London,3
Medical Imaging Systems Limited,Colindale,London,3
Medical Management Systems Ltd,London,,3
MEDICASIMPLE HEALTHCARE TECHNOLOGIES LIMITED,London,,3
Medius Software Limited,Manchester,,3
Meen Technologies Ltd,Hatfield,Hertfordshire,3
MEG Analytics Ltd,London,,3
Mental Health Innovations,London,,3
MER MARINE TECHNOLOGIES LTD,London,,3
Mercor Innovations UK Ltd,London,,3
Mercury Computer Systems Limited,Reading,Berkshire,3
MERCURY DIGITAL ASSETS LIMITED,London,,3
Meridian Lightweight Technologies UK Ltd,Sutton-in-Ashfield,Nottinghamshire,3
Meridian Media Holdings Limited,London,,3
MESEME Studio LTD,London,,3
Meshprime Technologies Ltd,London,,3
MESOO DIGITAL LTD,London,,3
message heard media ltd,london,,3
Meta Data Systems Ltd,London,,3
Meta Solution Technologies Ltd,London,,3
METALS FOCUS DATA LIMITED,London,,3
Metaversegraph Labs (UK) Limited,London,,3
Method Analytics Ltd t/a HyperFinity,Leeds,West Yorkshire,3
Methodica Technologies Limited,Nottingham,,3
Methods Business and Digital Technology,London,Greater London,3
Metrikus Software Limited,London,,3
Metrofox Studios Limited,London,,3
Metropress Limited t/a Auction Technology Group,London,,3
Mews Systems Limited,London,,3
MGS TECHNOLOGIES LIMITED,Surbiton,SURREY,3
MHI Media LTD,Bristol,Avon,3
MHT Technology Limited,Richmond,North Yorkshire,3
Mia-Platform UK,London,,3
MIAC Analytics Limited,London,,3
Micro Systems (UK) Limited,Warrington,,3
Micro365 Technologies Ltd,Manchester,,3
Microsolv Systems Ltd,London,London,3
"Mignon Technologies Ltd, T.A. Literal Labs",Newcastle upon Tyne,,3
Mindbay Technologies Ltd,London,,3
Mindful Technologies Limited,Birmingham,,3
MindLink Software Limited,London,,3
Mindmap Technology Limited,Milton Keynes,,3
MINDPATH TECHNOLOGY LIMITED,London,,3
MINDRANK TECHNOLOGIES LIMITED,Manchester,,3
Mindset Technologies Limited (trading as Mindstep),London,,3
Minerva Research Labs Ltd,London,,3
Minimax Labs Ltd,London,London,3
MINNU SOFTWARE SOLUTIONS PRIVATE LIMITED,Coventry,,3
Minster Software Ltd,Reading,,3
MiQ Digital Limited,London,,3
Mira Media Group Limited,Newcastle Upon Tyne,,3
Miro Technologies Limited,Bristol,Somerset,3
Mission Zero Technologies Ltd,London,,3
Mitra Innovation Limited,London,,3
Mitto Technologies Limited,London,,3
MK ANALYTICS LTD,Milton Keynes,,3
Mkain Ltd t/a Future Baby 4d scanning studio,Reading,,3
MLE Systems Ltd,Carshalton,Surrey,3
MLT Digital Ltd,Glasgow,,3
MNFST Studio Ltd,London,United Kingdom,3
MoA Technology Ltd,Oxford,Oxfordshire,3
Mobile Systems International Consultancy Ltd,London,,3
MOBILE TECHNOLOGIES LTD,London,United Kingdom,3
Mobility Cyber Labs Ltd,Milton Keynes,Buckinghamshire,3
Moderately Nice Studio Ltd,London,,3
Modo Systems Ltd,Glasgow,,3
Modular Safety Systems Ltd,Bristol,,3
Modulr Technology Ltd,Edinburgh,,3
Molecular Glue Labs Ltd,London,,3
Momentum Data Ltd,St Albans,Hertfordshire,3
Momentus Technologies Group Limited,London,,3
Moneyhub Financial Technology Ltd,Bristol,,3
Moneynmore Technologies Limited,Reading,,3
MONIEPOINT TECHNOLOGIES UK LTD,London,,3
Monitor Computer Systems,YORK,North Yorkshire,3
Monta Platform Ltd,London,,3
Monument Technology Limited,London,,3
MOOD MEDIA UK HOLDINGS LIMITED,London,,3
Moody's Analytics UK Ltd,London,,3
Moon and Back Media Limited,Surrey,,3
Morning Data Ltd,London,London,3
Morning Studio Ltd,Newbury,Berkshire,3
Motive Technology UK Limited,London,,3
Motorsport Network Media UK Ltd,London,,3
Mount Digital Solutions Limited,Manchester,,3
Mount Media Online Limited,London,,3
Moviegears Media Limited,London,,3
Mr Lyan Studio,London,Hackney,3
MRG Studio Limited,London,London,3
MRI Software Limited,London,,3
MRR Systems Ltd,Guildford,Surrey,3
MSTYELS STUDIO LTD,LONDON,,3
MT2M Media Limited,London,,3
MTEST LABS LIMITED,London,,3
"MTK Wireless Limited "" MediaTek""",Cambridge,,3
MTS Systems Ltd,Leeds,,3
Muckle Media Limited,Edinburgh,,3
MULE STUDIO LTD,London,,3
Multi Technologies Limited,Manchester,,3
Multilocal Media Ltd,London,,3
Multipass Platforms Limited,London,,3
MULTIPLIER TECHNOLOGIES UK LTD,London,,3
MultiRoofing Systems Uk Ltd,London,,3
Munro Studio Limited,Guildford,Surrey,3
Muraai Information Technologies Limited,Coventry,West Midlands,3
Murano Systems Ltd,London,,3
MUSIC EDUCATION TECHNOLOGIES LIMITED,London,,3
Mustard Systems Limited,London,,3
MWN INNOVATION LTD,London,,3
MXP Prime Platform Ltd T/A SellerX,London,,3
MY DIGITAL COLLEGE LTD (Trading as Purlos),London,,3
My-architect Studio LLP,London,LDN,3
MYPOS PAYMENTS LTD,London,,3
Myrtle Software Limited,Cambridge,Cambridgeshire,3
MYRTLE SOFTWARE SOLUTIONS LIMITED,London,,3
MYSCOOP LABS LTD,Birmingham,England,3
MYTOWN TECHNOLOGIES LTD,London,,3
N-IX TECHNOLOGIES LIMITED,London,,3
NAFT TRADING & TECHNOLOGY CO LIMITED,LONDON,,3
Nagarro Software Ltd,London,,3
Naina Technologies Ltd,London,,3
NALA PAYMENTS LIMITED,London,,3
NanoString Technologies Europe Limited,Bristol,,3
Nanotemper Technologies Ltd,London,,3
Napier Technologies Limited,London,,3
Nara Media Limited,London,,3
Narla Technologies Ltd,Newcastle,Staffordshire,3
NASA Design Studio Ltd,Birmingham,,3
Nash Technologies and Consulting Limited,Birmingham,,3
National Opera Studio,London,,3
Natural Innovations Limited,Beeston,Nottingham,3
Navan Labs UK Limited,London,,3
Navigate Digital,London,,3
NAVIS SOFTWARE UK LIMITED,LONDON,,3
Navyred Technology and Ecommerce Ltd,London,,3
Navys Technologies Limited,London,,3
NBI Analytics UK Limited,London,,3
NDL Software Ltd,WETHERBY,West Yorkshire,3
Neara Software Ltd,Reading,Berkshire,3
NEC Software Solutions UK Ltd,Hemel Hempstead,Hertfordshire,3
Nendrasys Technologies UK Limited,Milton Keynes,Buckinghamshire,3
Neo Technology Limited,London,Greater London,3
NEOMAM STUDIOS LIMITED,London,,3
Neosalpha Technologies Limited,Maidenhead,Berkshire,3
Nephos Technologies,London,---,3
Nequinox Studios Ltd,Hyde,Greater Manchester,3
Nest Digital Limited,London,,3
Netcore Cloud Limited,London,,3
NetCracker Technology EMEA Ltd,Histon,Cambridgeshire,3
NETFLIX STUDIOS UK LIMITED,LONDON,,3
Neurapses Technologies Ltd,Wimbledon,London,3
Neuron Innovations LTD,London,,3
Neutronic Technologies Ltd,Warrington,Cheshire,3
NEVIS WEALTH TECHNOLOGY LTD,London,,3
New Media Desk Limited,London,,3
New Media DS Ltd,London,,3
NEW TIMES TECHNOLOGY GROUP LIMITED,London,,3
Newsquest Media Group Limited,Holborn,London,3
NEXPIN TECHNOLOGY LTD,London,,3
Nextgen Technology Limited,Wokingham,Berkshire,3
NextMove Software Limited,Cambridge,,3
NextPharma Technologies Holding Limited,London,,3
NEXTPLAN TECHNOLOGY AND MOBILE LTD,BRISTOL,,3
Nexus Cyber security,London,,3
"NEXUS MEDIA & CREATIVE CO, LTD",London,,3
NEXUS NODE SYSTEMS LTD,Newcastle Upon Tyne,,3
NEXVIBE TECHNOLOGIES GROUP LTD,Coventry,,3
NEYA TECHNOLOGIES LTD,Oxford,OXFORDSHIRE,3
Nibble Technology Limited,London,,3
NICE Systems UK Limited,Southampton,Hampshire,3
Nickel Digital Asset Management Limited,London,,3
Nielsen Media Research Ltd,London,,3
Nikao Technology Limited,London,,3
Nina Litchfield Studios Ltd,London,,3
Nirvana Intelligent Systems Limited T/A NISYST,Bolton,,3
Nishkkalaa Technologies Ltd,Reading,,3
NITHREE TECHNOLOGY LIMITED,Reading,,3
Nium Fintech Ltd,London,,3
NIX TECHNOLOGY UK LTD,Birmingham,West Midlands,3
NJ DIGITAL SOLUTIONS LTD,Ilford,London,3
nlyte Software Limited,London,,3
NM Software Solutions Ltd,Newcastle Upon Tyne,,3
No Logo Media Limited,Edinburgh,,3
Nocturne Clothing Limited t/a LABSTORE WESTEND,London,,3
Noddington Technologies Limited,London,,3
Nodes Technologies Limited,Reading,,3
Noise Media Limited,London,,3
NONIUS HOSPITALITY TECHNOLOGY UK LTD,London,LONDON,3
NONVIA TECHNOLOGY LIMITED,York,,3
Nonwovens Innovation and Research Institute Limited,LEEDS,West Yorkshire,3
Northern Data Services (UK) Limited,London,,3
Northslope Technologies Limited,Bristol,,3
Northstar Travel Media Limited,London,Please select...,3
Nosebleed Interactive Ltd,Newcastle upon Tyne,,3
Nostalgia Media Limited,Edinburgh,,3
NOTHING TECHNOLOGY LIMITED,London,,3
Nourish Care Systems Ltd,Bournemouth,Dorset,3
Nova Innovation Ltd,Edinburgh,,3
Nova Systems (International )Ltd,Bournemouth,Dorset,3
NOVANTA TECHNOLOGIES UK LIMITED,Stockport,,3
NOVOTECH DIGITAL LTD,London,,3
Novum Studio Ltd,London,,3
Now Medical Studios Ltd,Glasgow,Larnarkshire,3
NOZIROHPIC STUDIO LTD,London,,3
NS MEDIA GROUP,LONDON,,3
NSG Media Limited,Manchester,,3
NTT Cloud Communications UK Ltd,London,,3
NTT Global Data Centers EMEA UK Ltd,Hemel Hempstead,Hertfordshire,3
nTtau Digital Ltd,Oxford,,3
NU WEB SYSTEMS LTD,Manchester,,3
Nucco Brain Studio Limited,London,,3
Nue Innovation Limited,london,,3
NUMBER SEVEN FOOD TECHNOLOGY LIMITED,London,United Kingdom,3
Numerix Software LTD,London,,3
Nuntiare Media Ltd,Manchester,,3
Nuprint Technologies Ltd,Londonderry,Londonderry,3
Nuseed Global Innovation Ltd,Manchester,,3
NW Media Publishing UK Ltd,London,,3
Nwave Technologies Ltd,London,,3
NY TECH DIGITAL LTD,London,,3
Nyas Technology Limited,London,,3
OASIS STUDIOS LIMITED,LONDON,,3
OB Media Partners Limited,London,,3
OCaml Labs Consultancy Limited,Cambridge,,3
Ocasta Studios Limited,Harpenden,Hertfordshire,3
Ocean Blue Software Limited,Bristol,Bristol,3
Ocean Mediart Ltd,London,,3
Oceanic Technologies Limited,Watford,Hertfordshire,3
OCO Digitals Ltd,London,,3
Octophin Digital Limited,London,England,3
Ocula Technologies Limited,Barnes,London,3
Oculo Technologies Ltd,London,,3
ODA UK Studio Limited,London,,3
Odqa Renewable Energy Technologies Limited,Oxford,Oxfordshire,3
Odyssey Computing Limited,London,,3
Odyssey Interactive Limited,Manchester,,3
OE TECHNOLOGY LTD,Cambridge,,3
OKX UK FinTech Company LImited,London,,3
Olderiswiser Media Limited,London,,3
Olive Technologies Ltd,Reading,,3
Olix Computing Limited,London,,3
Omanos Analytics Ltd,Glasgow,,3
Omega X Systems Ltd,Watlington,Oxfordshire,3
Omim Technology Limited t/a Mimo,London,,3
on systems ltd,Letchworth,Hertfordshire,3
One Agency Media Ltd,Manchester,,3
ONEAFRICA TECHNOLOGIES LTD,MANCHESTER,,3
Oneio Cloud UK Limited,London,,3
OneStock Software Ltd,London,,3
OneTrust Technology Limited,London,,3
Onevoice Digital Limited,Manchester,,3
ONSECURITY TECHNOLOGY LIMITED,Bristol,,3
Ontik Technologies Limited,London,,3
ONVU TECHNOLOGIES LIMITED,LONDON,,3
Onward Technologies Ltd,Birmingham,,3
Op-tec Systems Ltd,Stockport,,3
Opal Food Processing Systems Limited,St Ives,Cambridgeshire,3
Open Data Services Cooperative Limited,Manchester,,3
Open Network Systems Limited,London,,3
Open Outdoor Media Ltd,Liverpool,Merseyside,3
"Open Space Labs UK, Limited",Reading,,3
Open Technology Services UK Limited,London,,3
Open Volume Studio Ltd,London,,3
Opencast Software Europe Limited,Newcastle-Upon-Tyne,Tyne & Wear,3
OpenESG Platform Ltd,London,,3
Opensoft Systems Ltd,Knaresborough,North Yorkshire,3
Opinr UK Software Limited,London,,3
Opsmatix Systems Ltd,London,,3
Opteran Technologies Ltd,Sheffield,,3
Optima Energy Systems Limited,Manchester,Greater Manchester,3
Optimum Drywall Systems Limited,BRISTOL,,3
Options Technology Limited,London,,3
Optix Software Ltd,York,North Yorkshire,3
Optometric Technology Group Ltd,London,,3
Optrak Distribution Software Limited,Ware,Hertfordshire,3
OR Media Limited,London,,3
Oracle Financial Services Software B.V.,London,,3
ORANGE MEDIA LIMITED,London,,3
ORB Innovations Ltd,London,,3
Orbit Financial Technology Limited,London,,3
Orbit Media Solutions Limited,London,,3
ORCA Computing LTD,London,London,3
Organise Platform HQ Ltd,London,,3
Orion Innovation Solutions UK Limited,Stevenage,Hertfordshire,3
Orion Practice Management Systems Ltd,GLASGOW,,3
Orion Technologies Limited,London,,3
ORM Systems UK Ltd,Stanmore,London,3
Orpheus Technology Limited,London,,3
OSA Systems ltd,Witney,Oxfordshire,3
OSF DIGITAL UK LTD,London,,3
Osmosys Software Solutions UK Limited,"London,",,3
Otta Technology Limited t/a Otta,London,,3
Our Studio Ltd,Manchester,Lancashire,3
Out There Media Production Limited,Salford,,3
Outfly Innovation Ltd,London,,3
Outpost Technologies Ltd,London,,3
Outsource Media Ltd,London,,3
Oval Systems Limited t/as Oval Business Solutions,Godalming,Surrey,3
Overthrow Digital Ltd,London,Greater London,3
Oxford Analytica,Oxford,,3
OXFORD CANCER ANALYTICS LTD,Oxford,,3
Oxford DataPlan Limited,London,,3
Oxford Expression Technologies Ltd,Oxford,Oxfordshire,3
Oxford Gene Technology IP Limited,Kidlington,Oxfordshire,3
Oxford Information Labs Ltd,Oxford,Oxfordshire,3
Oxford Innovation Ltd,Oxford,,3
OXFORD MEDIA SOLUTIONS LIMITED,Oxford,Oxfordshire,3
Oxford Nanopore Technologies plc.,Oxford,Oxfordshire,3
Oxford Semantic Technologies Limited,Oxford,,3
Oxford Space Systems Ltd,Harwell Oxford,Oxfordshire,3
OYO Technology and Hospitality (UK) Ltd,London,,3
Ozone Financial Technology Limited,London,,3
PA Media Group Limited,London,,3
Pacific Green Technologies (UK) Limited,London,,3
Pacific Security Systems Ltd,London,,3
PACKWOOD TECHNOLOGY LTD,Birmingham,,3
PAGEWON STUDIOS LTD,London,,3
Palantir Technologies UK Limited,London,,3
Palm Technologies Limited,London,,3
Palmer Energy Technology Limited,London,,3
Panache Media Worldwide Ltd,Birmingham,,3
Pangaea Data Ltd,London,,3
Pantheon Platform UK Limited,London,,3
Papillon Digital Ltd,London,,3
Paradime Labs Ltd,London,,3
Parametric Technology (UK) Limited,Bristol,,3
Paramount Software UK Limited t/a Macrium Software,Manchester,,3
Parity Technologies Limited,London,,3
Park Place Technologies Limited,London,,3
Passenger Transport Software Limited,London,,3
Passion Digital Ltd,London,,3
Patchbay Media Limited,London,,3
PATCHWORK FILMS STUDIO LIMITED,London,,3
Patchworks Media Ltd,London,,3
Patika Global Technology Limited,London,,3
Patina Cloud Services Limited,Stretford,Manchester,3
PAUL COCKSEDGE STUDIO LTD,London,,3
Paulo Studios Limited,London,,3
PAVE FINTECH LIMITED,London,,3
PAVEGEN SYSTEMS,LONDON,,3
Paxos Technology Limited,London,Berkshire,3
Paye Pass Software Solutions Limited,Liverpool,Merseyside,3
Payment Systems Europe Limited,London,,3
Payments 247 Ltd,Windsor,Berkshire,3
Payments Innovation Forum Ltd,London,,3
Paymentsense Limited,London,,3
Paymob Technology Limited,London,Greater London,3
Paysecure Technology Ltd,LONDON,,3
PC TECHNOLOGY LTD,Birmingham,West Midlands,3
Peach Loves Digital Limited,Southampton,,3
PEAK CYBER ACADEMY LTD,London,,3
PEAK Sport Media Limited,London,,3
PEI Media Limited,London,,3
Peloton Interactive UK Limited,London,,3
PEN-LINK TECHNOLOGIS UK LTD,London,,3
Penfold Technology Limited,London,,3
PENSKE MEDIA UK LIMITED,LONDON,,3
Perceptive Informatics UK Ltd,Nottingham,,3
Percorso Studio Ltd,London,,3
Peregrine Technologies UK Ltd,London,,3
PERFECT DIGITAL LTD,London,,3
Perforce Software UK Ltd,Bracknell,Berkshire,3
"Periodic Labs UK, Ltd",London,,3
Permutable Technologies Limited,London,London,3
PERSE TECHNOLOGY LIMITED,LONDON,,3
Persistent Systems UK Limited,London,,3
Personal Data Management Limited t/a IE Hub,Cardiff,South Glamorgan,3
Personetics Technologies (UK) Ltd,London,,3
Peter Anderson Studio Ltd,London,,3
Petroleum Software Limited,London,,3
PGP (UK) Ltd t/as Data Innovations,Edinburgh,,3
Phantom Studios Limited,London,,3
Pharmaphorum Media Limited,West Byfleet,Surrey,3
Pharmatelligence Limited t/a Human Data Sciences,Cardiff,Cardiff,3
PHARMIX TECHNOLOGIES LIMITED,Manchester,,3
Phillips Media Group Limited,Southampton,,3
Phlo Systems Limited,London,,3
Phlux Technology Ltd,Sheffield,,3
Phoenix Software Limited,York,North Yorkshire,3
PHONE CLOUD PLUS LTD,"Hull, East Riding Of Yorkshire",,3
Photon Interactive UK Limited,London,,3
PHOTON SYSTEMS LIMITED,West Molesey,Surrey,3
PHOTON TECHNOLOGIES LIMITED,Bristol,,3
Phytoform Labs Ltd,Harpenden,Hertfordshire,3
Pi Labs Limited,London,,3
PIANO SOFTWARE LTD,London,,3
Picasso Labs Inc,London,,3
Picnic Media,London,,3
Pico Technology,Eaton Socon,Cambridgeshire,3
Picocom Technology Limited,Bristol,,3
PICOLAB TECHNOLOGIES LTD,Liverpool,MERSEYSIDE,3
Picture Perfect Data Ltd,Wetherby,West Yorkshire,3
Pimberly Software Development Limited,Manchester,Greater Manchester,3
Pineapple Technology LTD,London,,3
Pinewood Technologies PLC,Birmingham Business Park,,3
PingPong Digital Ltd.,Birmingham,West Midlands,3
Pink Orange Media Ltd,London,,3
Pinpoint Media Limited,London,,3
Pioneering Data Tech Ltd,Glasgow,,3
Pipe Technologies UK Ltd,London,,3
Pirate Studios Limited,London,,3
Pirum Systems Limited,London,,3
PISMO Labs UK LTD,Bristol,,3
Pixdora Ltd T/A Pixdora Studio,Manchester,,3
Pixelcode Technologies Limited,"Leyton, London",,3
Pixelogic Media UK ltd,London,,3
Plan-Analytics Ltd,Birmingham,,3
Planit Software Limited,Reading,Berkshire,3
Planit Software Testing,Reading,,3
Planlogic Software Limited,London,,3
Plasma Labs UK Limited,London,London,3
Platform Bidco Limited,London,,3
Platform Communications Group Ltd,London,,3
Platform Manco Ltd,London,,3
Platform Provision,Kingston Upon Hull,East Yorkshire,3
Platform Store Limited,London,,3
Platform Support Services Limited,London,,3
Platform.sh Limited,Stoke Gifford,Bristol,3
Platypus Digital,London,London,3
Playtech Software Limited,London,,3
Pleo Technologies Limited,London,,3
Pliant Payments Limited,London,,3
Plum Fintech,London,,3
Pluto Data Analytics Limited,Brighton,,3
PMY TECHNOLOGIES (UK) LIMITED,London,,3
Podium Analytics,London,,3
Polar Technology Management Group Limited,"Witney, Eynsham",Oxfordshire,3
POLITICAL LOBBYING & MEDIA RELATIONS LIMITED,London,,3
Pollen Technologies Limited,Stockport,Cheshire,3
Polybius Interactive Limited,London,,3
Polyn Technology Limited,Fitzrovia,London,3
Pomegranate Media Ltd,London,Greater London,3
Pond5 Media Ireland Ltd,London,,3
POPSTYLE MEDIA LTD,London,,3
Poq Studio Ltd,London,,3
Poro Technologies Ltd,Cambridge,,3
Portal Studio Limited,London,,3
PORTMAN DIGITAL MARKETING LTD,LONDON,,3
POSITIVE DIGITAL LIMITED - T/A Brand Potential,London,,3
Positron Technologies Ltd T/A TaxScouts,London,,3
Postdot Technologies UK Ltd,London,,3
POTATO ART STUDIO LIMITED,London,England,3
Power Systems Consultants UK Limited,London,,3
PowerX Technology Limited,London,,3
POWREADY TECHNOLOGIES LTD,London,,3
PR Innovations Ltd,Cardiff,,3
Pranava Technologies UK Limited,Reading,,3
Pravas Systems Limited,Reading,Berkshire,3
Precious Media Limited,London,,3
Precis Digital Limited,Hertfordshire,,3
Precise Media Monitoring Limited,London,,3
Precisely Software Limited,Reading,Berkshire,3
Premier Marketing and Distribution Ltd trading as Renful Premier Technologies,London,,3
Premise Data UK Limited,London,,3
Premonition Software Limited,London,,3
Presentient Technologies Ltd,London,,3
Prime Focus Technologies UK Limited,Leeds,,3
Prime Sports and Media Limited,London,,3
Primetals Technologies Limited,Sheffield,South Yorkshire,3
Proceed Data Management Limited,London,,3
Profile Software (UK) Limited,London,,3
Profisee Software UK Limited,London,,3
Progressive Technology Limited,Newbury,Berkshire,3
Progressive Technology Solutions Limited,London,,3
Project Infinity Technologies Limited,London,,3
PROMET TECHNOLOGY LTD,LONDON,,3
Propello Cloud Ltd,Manchester,,3
PROPERTYFLOW TECHNOLOGIES LTD,London,,3
Prospect Education (Technology) Trust,London,,3
PROSPIRE TECHNOLOGIES LTD,Hull,East Yorkshire,3
Protein Technologies Ltd,Manchester,Greater Manchester,3
Proton Payments Limited,Warrington,,3
Proton Technologies Ltd,London,,3
Proxy Studio Limited,London,,3
Prune Payments LTD,London,,3
PSK Metonym Systems Ltd,Rainham,London,3
PTI Digital,London,,3
Public Digital Limited,London,,3
Puck Studio Ltd,London,London,3
Pulsion Technology Ltd,Glasgow,,3
Pure Data Centres,London,England,3
PUREAN SOLUTIONS AND TECHNOLOGY LTD,Milton Keynes,,3
Purifire Labs Limited,Cambridge,Cambridgeshire,3
Purple Style Labs UK Limited,London,,3
Push Labs Limited,London,,3
Push Technology Limited,Reading,Berkshire,3
Py Analytics Ltd,Leeds,West Yorkshire,3
Pylon Technologies UK Ltd,London,,3
Pynea Technology Limited,London,,3
QBARTER TECHNOLOGY AND SERVICES LIMITED,Reading,,3
QBS Software Limited,Wembley,London,3
Qbyte Computing Limited,Stevenage,Hertfordshire,3
Qdot Technology Ltd,Kidlington,Oxfordshire,3
QODEA TECHNOLOGY LIMITED,Manchester,,3
Qualcomm Technologies International Ltd,Cambridge,,3
QUALIENT TECHNOLOGY SOLUTIONS UK LIMITED,READING,BERKSHIRE,3
Qualitest Software Testing Limited,London,,3
Quality Clouds Limited,London,,3
Quantbot Technologies Ltd,London,,3
Quantcore Technologies Ltd,Glasgow,Scotland,3
Quantico Analytics Limited,London,,3
Quantive Technologies UK Limited,London,,3
Quantum Data Energy Plc,London,,3
Quantum Edge Technologies,London,,3
Quantum Fintech Leap Limited,London,,3
Quantum I Computing Limited,London,,3
Quantum Motion Technologies Limited,London,,3
Quartz Digital Ltd,London,,3
Qube Research & Technologies Limited,London,,3
QUDIT LABS LTD,Manchester,,3
Questo Technologies Ltd,Reading,Berkshire,3
Quick Fox Labs,London,England,3
QUMULUS TECHNOLOGY LIMITED,MANCHESTER,,3
Quorum Cyber Security Limited,Edinburgh,,3
Qvest Media Limited,Henley-On-Thames,Oxfordshire,3
R&A (REELS & ARCHITECTURE) STUDIOS LIMITED,LONDON,,3
R/GA Media Group Limited,London,,3
R2S Technologies Ltd,Manchester,,3
Rabbit Hole Labs Limited,London,,3
Raconteur Media Limited,London,London,3
Rad Media World Ltd,London,,3
Radentia Technologies Ltd,London,,3
Radiant Media Limited,London,,3
Radical Media Limited,London,,3
Radiocoms Systems Ltd,London,,3
RAIN UK LABS LIMITED,London,,3
Rainbow Software Solutions Limited,Leeds,West Yorkshire,3
Rainmaking Innovation Limited,London,,3
Raisin Platforms Limited,Manchester,,3
Ramco Systems Limited,Leatherhead,Surrey,3
Rana Technologies Limited,London,,3
RangeForce Software (UK) Ltd,London,,3
Rap Tech Studios Ltd.,LONDON,United Kindom,3
Rapid Innovation Group Ltd,London,,3
Rapiscan Systems Ltd,Salfords,Surrey,3
Rapita systems Limited,York,North Yorkshire,3
Rated Labs Ltd,London,,3
RateGain Technologies Limited,London,,3
Ratio Digital Marketing Limited,London,,3
Ravelin Technology Limited,London,,3
Ravens Media Ltd,Edinburgh,Lothian Region,3
Ravio Technologies Limited,London,,3
Raycast Technologies Ltd,1 water lane,London,3
RC Technology Limited,Croydon,Surrey,3
Re-Leased Software Company UK Limited,London,,3
Reactive Technologies Limited,London,,3
READDLE LABS LTD,London,,3
Real Deals Media Ltd,London,,3
Realeyes Data Services Limited,London,,3
Realisable Software Ltd,London,,3
Reason Digital,Manchester,,3
REBANK TECHNOLOGIES LIMITED,London,,3
REC STUDIOS LIMITED,London,England,3
Reco Technologies Private Limited,Manchester,Greater Manchester,3
Record Packaging Systems Ltd,Stretford,Manchester,3
RecruitHub Platform,London,,3
Recruitment Smart Technologies Ltd,London,,3
Red Ant Digital Ltd,London,London,3
Red Bee Media Limited,Chiswick,London,3
Red Bull Media House UK Ltd (RBMHUK),London,,3
Red Gate Software Ltd,Cambridge,Cambridgeshire,3
Red Rover Interactive UK Limited,Newcastle upon Tyne,England,3
Red Star Studio Ltd,Sheffield,South Yorkshire,3
Red Technology Solutions Limited,Witney,Oxfordshire,3
Redbox Digital Limited,London,,3
RedCloud Technologies Ltd,London,,3
Redeemer Technologies Ltd,Reading,Berkshire,3
Redflex Traffic Systems Ltd,Southampton,Hampshire,3
REDRELIC SOFTWARE LIMITED,London,,3
Redscan Cyber Security Limited,London,,3
Redwood Technology Limited,Bracknell,Berkshire,3
Reference Data Services (UK) Ltd,Bristol,,3
Reflect Media Limited,London,,3
Reflex Data Systems Limited,Hull,East Riding of Yorkshire,3
Refract Software Ltd,Newcastle Upon Tyne,,3
Refreshment Systems Ltd,Bradford,W Yorkshire,3
Relay Technologies Limited,London,London,3
RELCO SOFTWARE LTD,Bristol,Georgia,3
Reliance Cyber Limited,London,,3
Relish Technologies Limited (trading as Beeline),London,,3
Reload Digital Ltd,London,,3
Remote Technology Services LTD,London,,3
REO Digital Limited,London,,3
Repeat Digital Ltd,Nottingham,,3
REPUBLIKA INTERACTIVE UK LTD,Milton Keynes,,3
RESEARCH DATA SCOTLAND,Edinburgh,,3
Reservoir Media Management (UK) Ltd,London,,3
Resource Data Management LTD,Glasgow,,3
Retro Labs Ltd T/A TILT,London,,3
Reuters News & Media Ltd,London,,3
Reve Cloud Ltd,London,,3
Reveal Media Ltd.,Hampton Wick,Surrey,3
Rex Labs Ltd,London,,3
RHEON LABS LTD,LONDON,,3
Ribbon Technologies Ltd,London,,3
Rightsline Software UK Ltd,London,,3
Rimes Technologies Limited,London,,3
Riot Labs Ltd,Milton Keynes,Buckinghamshire,3
RISING TECHNOLOGIES UK LTD,London,Central business district,3
Rival Technologies Ltd,London,,3
Riverbed Technology Limited,London,,3
Rivington Street Studio,London,,3
RJP INNOVATIONS LTD,LONDON,,3
RN ClearPoint Learning Systems UK Ltd,London,,3
RNS Media & Productions,"Harrow, London",,3
Roar Digital Limited,London,Greater London,3
Robosoft Technologies UK Limited,London,,3
Robotiz3d Technology Ltd,Warrington,,3
Rocket Software UK Limited,London,,3
Rocket Systems Limited,London,,3
Rocksteady Studios Limited,London,,3
Rogo Technologies Ltd,London,,3
ROLINE TECHNOLOGY (UK) LIMITED,London,,3
Romax Technology Limited,Nottingham,,3
Rose Lane Technology,Liverpool,Merseyside,3
Rose Uniacke Studio Ltd,London,,3
Rosslyn Analytics Ltd,London,,3
ROVER DIGITAL LTD,LONDON,,3
RPK Technologies Ltd,London,,3
RS Data Tech Ltd,Manchester,,3
RSE Control Systems Limited,Leeds,Select state...,3
RSVP (Media Response) Ltd,London,,3
RTS Technology Solutions Ltd T/A vanti,Birmingham,West Midlands,3
Ruby Labs Ltd,London,,3
Runibex Technology Ltd.,London,London,3
RUNNER MEDIA LIMITED,LONDON,,3
Russell Investments Systems Limited,London,,3
S & M SYSTEMS LTD,Edinburgh,,3
S R Software Solutions Ltd (trading address),Milton Keynes,,3
S SOFTWARE LTD,KEIGHLEY,WEST YORKSHIRE,3
S-Frame Software (UK) Ltd,London,,3
S. B. Electronics Systems Limited,Harpenden,Hertfordshire,3
SA DIGITAL SERVICES CCTV LTD,Birmingham,,3
Saage Labs Limited,London,,3
SAAMA TECHNOLOGIES UK LTD,Surrey,,3
Saascribe Media Limited,London,,3
SABITHA SYSTEMS LIMITED,Manchester,,3
Safi Technologies Ltd,London,,3
Sage Media Limited,London,,3
Sahaj Software Solutions UK Limited,London,,3
SailPoint Technologies UK Ltd,London,,3
Salience Labs Ltd,Thame,Oxfordshire,3
Saltire Technology Events Limited,EDINBURGH,City of Edinburgh,3
SAM LABS LTD,Chiswick,London,3
SAM UK SOFTWARE CONSULTANCY LTD,London,,3
SambaNova Systems UK Limited,London,,3
samis studio limited,London,uk,3
SAMPLE DIGITAL LAB LTD,London,,3
Sampraves Technology Solutions Ltd,Halifax,West Yorkshire,3
SANA LABS LTD,London,,3
SANARIA TECHNOLOGIES LIMITED,Reading,,3
Sandfish Ltd t/a Michael Ruh Studio,London,Greater London,3
Sandhata Technologies Limited,Reading,Berkshire,3
Sandhata Technologies Ltd,London,,3
Sandstone Technology (Europe) Ltd,Leeds,,3
Sanova Technologies Limited,Slough,Berkshire,3
Sapphire Systems Ltd,London,,3
Sara Hemming Studio Limited,London,,3
SARAS Technology Limited,Leeds,West Yorkshire,3
Satore Studio,London,,3
SATURN FINTECH LIMITED,London,,3
SATURN TECHNOLOGIES LIMITED,LONDON,,3
Sauce Labs Software UK Limited,Reading,,3
SAVA Technologies Ltd,London,London,3
Sava Technology Limited,Milton Keynes,,3
SAVI Technology Ltd t/a Heavenly Desserts,Sheffield,,3
Say Digital Limited,London,,3
Sayari Labs Limited,London,London,3
SBR TECHNOLOGIES INC LIMITED,Chessington,Surrey,3
SBS Financial Software UK Ltd,Sheffield,,3
SC Technology Limited,London,,3
SCH Studio LTD,Bolton,,3
School of Business and Technology London Limited,London,England,3
SCHOTTEL Marine Technologies Ltd,Edinburgh,,3
Schrodinger Technologies Limited,London,London,3
Schunk Carbon Technology Limited,Pudsey,West Yorkshire,3
Science Media Centre,London,Greater London,3
Score Genius Technology Ltd,London,"London, City of",3
Scottish Mediation,Edinburgh,,3
Scraye Technologies Ltd.,London,,3
Screen Burn Interactive Ltd,Glasgow,,3
Scribe Labs Limited,London,,3
Sculpt and Sweat Studio LTD,Royal Victoria,London,3
SDET Digital Ltd,Morley,Leeds,3
SE Labs Ltd,London,,3
Seaborn Software Ltd,London,,3
Seagate Technology (Ireland),Londonderry,Northern Ireland,3
Searo Labs Ltd,Cambridge,,3
Seattle Software t/a Orbus Software,London,,3
Secon Cyber Security Ltd,London,,3
Second Front Systems Limited,Maidenhead,Berkshire,3
SECURE TECHNOLOGIES LTD,ST NEOTS,CAMBRIDGESHIRE,3
Securitas Technology Limited,Milton Keynes,,3
Security Systems Design Ltd,Huntingdon,Cambridgeshire,3
Sedna Systems Europe Limited,London,,3
SeeChange Technologies Limited,Manchester,,3
Seen Studios Limited,London,,3
Seenit Digital Limited,London,,3
Seesaw Media Ltd,235 Regents Park Road,London,3
Sefas Innovation Ltd,BRISTOL,,3
Seismic Software UK Limited,London,,3
SEKEL TECHNOLOGIES UK LTD,Milton Keynes,Buckinghamshire,3
Self Service Technology Ltd,Willerby,Yorkshire,3
Sener Engineering & Systems LTD,London,,3
Senior Architectural Systems Limited,Doncaster,South Yorkshire,3
Sensat Digital Limited,London,,3
Sensi Labs Ltd,London,,3
Sensor Coating Systems Ltd,Dagenham East,London,3
Sentinel Technologies Ltd,Manchester,,3
Sention Technologies Limited,London,United Kingdom,3
Sentium Technologies Ltd,London,,3
SEON TECHNOLOGIES UK LTD,London,,3
Sequel Technologies Ltd,London,,3
Serac Technologies Ltd,London,,3
Serene Scenes Studios Limited,Cambridge,Cambridgeshire,3
Serenity Technologies Ltd.,London,,3
SERG Technologies Ltd,London,,3
Servy Technologies UK Limited,London,,3
Servzon Technologies Limited,Stockport,,3
Sesame Access Systems Ltd,West Byfleet,Surrey,3
Setfords Technology Solutions Ltd,Guildford,Surrey,3
SEVEN DIGITAL MARKETING LIMITED,London,,3
SF Studios Ltd.,London,London,3
SFS Group Fastening Technology Ltd,LEEDS,,3
SG Analytics Limited,London,,3
SHA INNOVATIONS LTD,Hemel Hempstead,HERTFORDSHIRE,3
Shaily  Innovations Ltd,Brentford,London  Middlesex,3
Shalom Digital Ltd,Bristol,,3
Shard Financial Media Limited,London,,3
SharpCloud Software Limited,London,,3
Shauri Technologies Limited,London,,3
Shift Technology UK Limited,London,,3
SHIFT4 PAYMENTS UK LIMITED,London,,3
Shift6 Studios Ltd,Newbury,Berkshire,3
Shirley Technologies Limited,Trafford Park,Manchester,3
Shopline Technology (UK) Limited,London,,3
Shoreditch Design Studio Ltd.,London,County (optional),3
Shout Digital Ltd,Newcastle upon Tyne,Tyne and Wear,3
Sierra Technologies Ltd,London,,3
Sify Technologies Limited,London,,3
Sigma Computing UK Limited,London,,3
SIGMA INDUSTRIAL SYSTEMS LTD,LONDON,,3
SIGMA LABS XYZ LTD,London,,3
SIGMA SOFTWARE HOLDING LTD,London,,3
SIGMA.AI DATA LTD,London,,3
Signal Media Limited,London,,3
Signet Labs Limited,London,,3
SII TECHNOLOGIES LTD,Birmingham,West Midlands,3
Silicon Frontline Technology (UK) Limited,Reading,Berkshire,3
Silver Bullet Data Services Ltd,London,,3
SILVERBACK SMART TECHNOLOGY LIMITED,London,,3
Silverfin Software Ltd,London,,3
Silverlink Technologies Ltd,London,,3
Silverstream Technologies (UK) Limited,London,,3
Silverstripe Credit and Technologies Limited,London,,3
Silvertip Digital,London,,3
Simfoni Analytics Ltd,London,,3
Simkiss Control Systems Ltd,Manchester,,3
Simplicity Cloud Ltd.,London,,3
Simprints Technology Ltd.,Cambridge,Cambridgeshire,3
SIMPRO SOFTWARE LIMITED,Reading,,3
SINE Digital Limited,London,,3
Singletrack Systems Limited,London,,3
Singular Systems UK Limited t/a Singular Systems,London,,3
SIRE Technology Ltd,Crowthorne,Berkshire,3
SISO TECHNOLOGIES (UK) LIMITED,london,,3
Sisteme Technologies Limited,Sheffield,South Yourkshire,3
Sitana Studios Ltd,Bristol,,3
Sitekit Systems Limited,Edinburgh,,3
Skilled Workers Cloud LTD,London,,3
Skin Analytics,London,,3
SKO SYSTEMS LTD,London,,3
Sky Technologies Ltd,London,,3
Sky Technology Solutions Limited,London,,3
Sky-Drones Technologies Ltd,London,,3
Skye High Media Ltd,Cambridge,,3
Skyfly Technologies Ltd,London,,3
Sleek Technology Limited,London,,3
Slip Technology Limited,London,,3
Slitherine Software UK Ltd,Lower Kingswood,Surrey,3
Sloan Water Technology Limited,Southampton,,3
SMALLER STUDIO COMMUNICATION ARTS LTD.,LONDON,ENGLAND,3
SmallSpark Space Systems Ltd,"Cardiff,",,3
Smarsh Software UK Ltd,London,,3
Smart Financial Systems LTD,London,,3
Smart Manufacturing Technology Ltd,Nottingham,,3
Smart Metering Systems Plc,Glasgow,,3
SMART TRADE TECHNOLOGIES UK LIMITED,London,,3
Smarthome Technology Limited,London,,3
SMARTPATH EDUCATION TECHNOLOGY LTD,London,,3
SMARTSHIFT TECHNOLOGY UK LTD,London,,3
SmartStream Technologies Ltd,Bristol,,3
SMP Policy Innovation Ltd,London,,3
SMRC TECHNOLOGIES LIMITED,LEEDS,West Yorkshire,3
SN&CK Media Limited,London,,3
Snap Analytics Ltd,Bristol,,3
Snowflake Computing U.K. Limited,London,,3
Snowplow Analytics Limited,London,,3
So Technology Ltd,London,,3
Soapbox Digital Media Ltd,Glasgow,,3
Social Media 92 LTD,Warrington,,3
Socially Powerful Media Limited,London,,3
Sociovestix Labs Ltd,Edinburgh,,3
Socius Technologies Group Limited,Guildford,Surrey,3
Soderberg & Partners Technology And Services Ltd,Bristol,,3
Sofant Technologies Ltd,Edinburgh,,3
Softserve Systems Limited,London,,3
SoftSpace Studios Limited,London,,3
SOFTWARE SHOP LTD.,London,,3
Software solution systems limited,London,,3
Software Tec Lab,Glasgow,Choose County,3
Software Testing Services Ltd,Hertfordshire,,3
SoftwareONE UK Limited,London,,3
Softwire Technology Limited,London,,3
Sofyne Active Technology Ltd,London,,3
SOHAIL IQBAL T/A S.CUTS STUDIO,Birmingham,,3
SOHAIL STUDIO LTD,Birmingham,,3
SolarEdge Technologies (UK) Ltd,Eaton Socon,Cambridgeshire,3
SOLARIS SYSTEMS SOLUTIONS LTD,London,,3
Solarvista Software Ltd,Sheffield,South Yorkshire,3
SOLARWINDS SOFTWARE UK LIMITED,London,,3
Soldo Software Ltd,London,,3
Solera Global Technology Ltd,Leeds,,3
SOLVIFY TECHNOLOGIES UK LTD,Manchester,,3
Sonar Informatics Limited,London,,3
Sonat Digital Marketing Ltd.,London,,3
"SONGLAP MEDIA GROUP LIMITED , T/A: Bangla Sanglap",London,,3
Sony Interactive Entertainment Europe Limited,London,,3
Sophia Technologies Ltd,London,,3
SOUTH ASIAN MEDIA LIMITED,London,,3
Spaced Digital Ltd,London,,3
SPAICE TECHNOLOGY LTD,London,,3
Spark Data Systems Ltd,BRISTOL,BRISTOL,3
Spark Digital Trading (UK) LLP,London,,3
Spark Product Innovation Limited,bristol,- - not required - -,3
Speak Media (UK) Limited,Nottingham,,3
"Spectro Cloud, UK Limited",London,,3
Spectrum Data Networks Ltd,London,,3
Speeder Systems LTD,Southampton,Hampshire,3
Sphere Digital Recruitment Limited,London,,3
Sphere Innovations limited,London,,3
Spica Technologies Ltd,Birmingham,,3
SPICE LABS LTD,London,,3
Spilsbury Holdings Limited T/A Aztec Labs,London,,3
Spinal Technologies Limited,London,,3
Spine Technologies (Retail) Limited,London,,3
Splatter Art Studio Ltd,Glasgow,,3
SPLYT TECHNOLOGIES LTD,London,,3
Sporting Data Limited,Brighton,,3
Sportlight Technology Ltd,London,,3
SportsPro Media Ltd,London,,3
Sprift Technologies Ltd,London,,3
Spring Studios Ltd,LONDON,ENG,3
Sprint Power Technology Ltd,Birmingham,,3
Squad Labs Limited,London,,3
Square Health Technology Limited,Windsor,Berkshire,3
Square Marble Technology Limited,Manchester,,3
SR Global Systems Ltd,Barking,Greater London,3
SR Studio Limited,London,,3
SRAM & MRAM TECHNOLOGIES LIMITED,London,,3
Sree Matha Technologies Ltd,London,,3
SRIL TECHNOLOGIES LIMITED,MANCHESTER,,3
SS Cloud Consulting Limited,Sheffield,,3
SS WEB TECHNOLOGIES LIMITED,LEEDS,WEST YORKSHIRE,3
SSB Labs Limited,Milton Keynes,,3
SSOVEREIGN SOFTWARE SERVICES LIMITED,"Brentwood,",London,3
SSRM TECHNOLOGIES LTD,Reading,,3
Stackflow Technologies UK Ltd,London,,3
StackOne Technologies Ltd,Newbury,Berkshire,3
Stackseer Technologies Ltd.,Barnet,Hertfordshire,3
STACKSTUDIO DIGITAL LTD,London,,3
Stagwell Media (NRG) UK Limited,London,,3
STANELCO RF TECHNOLOGIES LIMITED,Southampton,,3
Starfish Technologies Limited,Reading,Berkshire,3
Starfish Virtual Labs Limited,London,,3
Stark Software International Ltd.,Horley,Surrey,3
Starline Holdings Technology Ltd,Reading,,3
Startup Voyager Digital UK Limited,London,,3
Statement Technologies Limited T/A Tuza,London,,3
STech Technology UK Limited,London,,3
Steel City Interactive Ltd,Sheffield,South Yorkshire,3
Stellar Entertainment Software Ltd,Guildford,Surrey,3
Stellar Global Technologies Limited,Staines-Upon-Thames,Surrey,3
Stemcell Technologies UK Limited,Cambridge,Cambridgeshire,3
Sterling Media Limited,London,,3
STERLITE TECHNOLOGIES LIMITED,London,,3
Sterlite Technologies UK Ventures Ltd,Krikby in Ashfield,Nottinghamshire,3
Stibo Systems Ltd,Reading,,3
STILL WATERS GREEN TECHNOLOGY LIMITED,London,,3
STL Digital UK Limited,London,,3
Stolon Studio Ltd,London,,3
Stories Design Studio Ltd,London,W1W 7LT,3
Storyteller Software Ltd,Edinburgh,Scotland,3
Strategic Analytics Limited,London,,3
Strategic Software Applications Ltd,London,,3
STRATESYS TECHNOLOGY SOLUTIONS LIMITED,London,,3
Stratos Technologies Ltd,London,,3
Stream Platforms Ltd,London,,3
Stream UK Media Services Ltd,London,Greater London,3
Streamland Media,London,,3
Strider Technologies UK Limited,London,,3
Stripe Payments UK Ltd,London,,3
Strive Platform Ltd,Newcastle upon Tyne,,3
Strudel Labs Limited,London,,3
Studio 19 Design Limited,London,,3
STUDIO 2000 LIMITED,London,,3
STUDIO 2BR LIMITED,LONDON,,3
Studio Artisan Ltd,LONDON,ENGLAND,3
Studio B Production,London,,3
Studio Boum Ltd,London,,3
Studio Braw Ltd,London,,3
Studio Bua London Ltd,London,London,3
Studio Co2 Limited,Farnham,Surrey,3
Studio Creme Ltd (T/A Tomorrow Bureau),London,,3
Studio Cullinan And Buck Architects Ltd.,London,,3
Studio Cypher Limited,London,,3
STUDIO DISOUL LTD,London,,3
Studio Egret West Limited,London,London,3
Studio Eight (46) Ltd,Nottinghamshire,,3
Studio Elizabetta Limited,London,,3
Studio Fury Limited,London,,3
Studio Gin Ltd,London,,3
Studio Graphene Limited,London,,3
Studio Hoodless Ltd,Bolton,Greater Manchester,3
Studio Indigo Limited,London,,3
Studio ISO Limited,London,,3
Studio Lambert Media Limited,London,,3
STUDIO LUEUR PHOTOGRAPHY LTD,London,,3
Studio Mackereth Ltd,London,,3
Studio Mango Ltd,London,,3
Studio Map Limited,Harrogate,North Yorkshire,3
Studio Molyneaux Ltd,London,,3
STUDIO MONTAGU LIMITED,London,,3
Studio Moren Ltd,London,,3
STUDIO MYA LTD,London,,3
Studio Nari Ltd,London,,3
Studio Nicholson Limited,London,,3
STUDIO OCTO LTD,London,,3
Studio of Art and Commerce Limited,London,,3
Studio Paris Limited t/a Where's Fred's,London,,3
Studio Path Limited t/a Studio Path,London,,3
Studio PDP LLP,London,,3
STUDIO PENN LONDON LTD,London,,3
STUDIO PERFECT LIMITED,London,,3
Studio Private Limited,London,Greater London,3
Studio RHE Ltd,London,,3
Studio Rotate Ltd,London,,3
STUDIO SEILERN ARCHITECTS,London,,3
STUDIO SEMIZ LTD,London,,3
Studio Spaces Limited,London,St Katharine's & Wapping,3
Studio Tim Fu LTD,London,,3
Studio Wayne McGregor Limited,London,,3
Studio Weave (Limited),London,,3
Studio Werc Ltd,London,,3
STUDIO WOODROFFE PAPA LTD,London,,3
Studio XAG Limited,London,,3
Studio ZNA,London,,3
Studio-29 Lighting Design Limited,London,,3
STUDIOCANAL LIMITED,London,,3
StudioHawk,London,,3
Studioilse Limited,London,,3
Style Analytics Limited,London,,3
Stylus Media Group Limited,London,,3
Subatomic Analytics Limited,London,Essex,3
Suma Software Solutions Limited,Leeds,,3
Sumitomo Electric Wiring Systems (Europe) Ltd,Newcastle under Lyme,Staffordshire,3
Sumo Digital Limited,Sheffield,,3
SumTotal Systems UK Limited,Camberley,Surrey,3
SumUp Payments Limited,London,,3
Sun Studio London,London,,3
Sunlit Technologies Ltd,Milton Keynes,,3
Sunrise Media Group Limited,Wallingford,Oxfordshire,3
Sunrise Software Ltd,London,,3
Sunrise Systems Limited,Cambridge,Cambridgeshire,3
Super Global Technologies Ltd,London,,3
Super Payments Ltd,London,,3
Super-Sharp Space Systems Ltd,Cambridge,,3
SUPERCHEFS TECHNOLOGIES LTD T/A FOODERY,BIRMINGHAM,,3
Supernova Digital Media UK Ltd,London,,3
Supo Platform Limited,London,,3
Suprema Systems UK Ltd,Birmingham,West Midlands,3
Surface Measurement Systems Ltd,Wembley,London,3
SURGEASE INNOVATIONS LTD,Maidenhead,BERKSHIRE,3
Surrey Satellite Technology Ltd,Guildford,Surrey,3
SUSSEX INNOVATION CENTRE,Brighton,,3
Sutherland Digital UK Private Limited,London,,3
Swallow Technology Limited,London,,3
Swaraj Technologies Limited,Greater Manchester,,3
SWEECH DATA SOLUTIONS LTD,Watford,Hertfordshire,3
SWJ TECHNOLOGY UK LIMITED,Oxford,,3
SYKASYS TECHNOLOGIES LIMITED,Manchester,,3
Sylphid Analytics UK Ltd,Reading,,3
Syms Digital Ltd,Manchester,,3
Synativ Technologies Ltd,London,,3
SYNECHRON PLATFORM CONSULTING LTD,London,,3
SYNTHESIS STUDIO LIMITED,London,,3
Synthesis Systems Limited,London,,3
SYSPRO GLOBAL SOFTWARE LIMITED,London,,3
Systal Technology Solutions,Glasgow,,3
SYSTEMS ENTERPRISES LTD,London,,3
Systems IT Support and Consultancy Limited,London,,3
Systems Planning and Analysis UK Limited,Bristol,,3
SystemsDNA Limited,Warlingham,Surrey,3
T D DATA CONSULTANCY LTD,SLOUGH,Berkshire,3
T&D Media Group Ltd,Surrey,,3
T&P Media Limited,London,,3
T-Systems Ltd,Milton Keynes,Buckinghamshire,3
Tab Labs Ltd,London,,3
Tabled Technologies Limited,London,Greater London,3
Tag Digital Ltd,Glasgow,Lanarkshire,3
Taina Technology,London,,3
Take-Two Interactive Software Europe Limited,London,,3
Talent Innovations Ltd,Milton Keynes,Bucks,3
Talent Systems Europe Limited,London,,3
Talent Technology Limited,London,,3
Talga Technologies Limited,Cambridge,,3
TANG TECHNOLOGY CONSULTANCY LTD,London,,3
Tasman Analytics Limited,London,,3
Tavant Technologies Private Limited,Nottingham,,3
Tax Digital Accountants Limited,London,,3
TBD Media Group Ltd,London,London,3
TCJ'S TECHNOLOGIES PVT LIMITED,Milton Keynes,,3
TE Digital Limited (t/a ThirdEye Consulting),London,,3
Team 17 Digital Limited,Wakefield,West Yorkshire,3
Teamworks Innovations UK Limited,London,,3
TECH ENABLED MARKETING LTD (Trading name: ZYXWARE TECHNOLOGIES),London,,3
Technical Control Systems Ltd,Leeds,West Yorkshire,3
Technological Tailors Ltd,London,,3
Technologium Ltd,Birmingham,Birmingham,3
Technology Blueprint Ltd,Cambridge,,3
"Technology Crossover Ventures UK, LLP",London,,3
Technology for Growth Limited,EDINBURGH,,3
Technology Holdings Worldwide Limited,London,,3
Technology Sourcing Ltd,London,,3
TechnologyOne UK Limited,London,,3
Techwave Technologies UK Ltd.,Stanwell,Surrey,3
Tej Software Solutions Ltd,Wokingham,Berkshire,3
Tejas Software Limited,London,,3
Telefonica Digital Limited,London,,3
Telefonica Tech UK Data & AI Limited,Farnham,Surrey,3
Telegraph Media Group Limited,London,,3
TELESCOPE TECHNOLOGY LIMITED t/a Lightdash,London,,3
Tender Touch Hair Studio Limited,Milton Keynes,,3
Tern Technologies Ltd,London,,3
Ternary Technology Ltd,Reading,,3
Terra Tek Studios Limited,London,,3
Terra Tek Studios Limited T/A Payload Studios,London,,3
Territory Studio Limted,London,,3
Tesora Technology Services Ltd,Potters Bar,Hertfordshire,3
Texcel Technology Plc,London,,3
Texuna Technologies Limited,Putney,London,3
The Academy Media Ltd,London,,3
The Animation Station London LTD T/A Myth Studio,London,,3
The Area Technology Ltd,London,,3
The Association for Renewable Energy and Clean Technology,London,,3
The Athletic Media Company UK Ltd,London,,3
The Attention Studio,London,,3
The Blockhouse Technology Limited,Oxford,,3
The Center for Countering Digital Hate,London,,3
The Coalition for a Digital Economy (Coadec) Ltd t/a The Startup Coalition,London,,3
The Currency Cloud Services Limited,London,,3
The Data Capital Group,Stockport,,3
The Data Company Group Limited,Birmingham,,3
The DataKirk,Edinburgh,,3
THE DESI CO. GROUP LTD T/As 9x9 DIGITAL,London,,3
The Digital Fairy Ltd,London,,3
THE DIGITAL LIGHTHOUSE,NEWCASTLE UPON TYNE,,3
THE DIGITAL ORGANISATION LTD,WEST YORKSHIRE,,3
The Digital Tide Ltd,London,,3
The East Wing Studios Ltd,Newcastle,,3
THE FIRST STUDIOS LTD,London,,3
The Hubs Studios London Limited,London,,3
The Innovation Group (EMEA) Limited,London,,3
The Innovation Unit Limited,London,,3
The Institution of Engineering and Technology,Stevenage,Hertfordshire,3
The Justice Platform Ltd (trading as Legl and CrowdJustice),London,,3
The Line Animation Studio LTD,London,,3
The Little Studio LTD (trading as Image Print Center),London,,3
The Media Pioneers Limited,London,,3
The Media Shop (Scotland) Ltd,Glasgow,Glasgow,3
The Media Tree Project Limited,London,,3
The Old Metro Scene Studios,London,,3
The Open Data Institute,London,,3
The Orchard Media & Events Group,Cardiff,Cardiff,3
The Other Media Limited,London,,3
The Race Media,London,,3
The Social Commerce Platform Ltd,Cardiff,Cardiff,3
The Social Innovation Partnership,London,,3
the space* studio (*architecture & interior design) limited,Manchester,,3
The Technology Business Ltd,Trafford Park,Greater Manchester,3
The Thinking Pod Innovations Ltd,Nottingham,Nottinghamshire,3
The UK Interactive Entertainment Association Limited,London,,3
The University of Manchester Innovation Factory Limited,Manchester,,3
The Workshop Technologies Ltd,London,,3
Think Cyber Security Ltd,London,,3
Think Digital Group Ltd,London,,3
Thinking Machine Systems Limited,London,,3
Third Financial Software Limited,London,Greater London,3
Threadneedle Software Ltd,London,,3
ThreatSpike Labs Limited,London,,3
THRIVE TECHNOLOGY LTD,London,England,3
TI Group Automotive Systems Limited,Oxford,Oxfordshire,3
"TIANAN TECHNOLOGY UK CO., LTD",Brighton,,3
Tide Platform Ltd,London,,3
Tiger Analytics Consulting Ltd,London,,3
TIGERSI TECHNOLOGIES LTD.,Watford,Hertfordshire,3
TikTok Information Technologies UK Limited,London,,3
Tileyard Music &. Media Ltd,London,,3
Tilt Technologies Limited,London,NV - Nevada,3
Titan Data Solutions,London,,3
Titian Software Ltd,LONDON,,3
TM Information Systems Ltd,Cardiff,S Glamorgan,3
TNG Technology Consulting UK Ltd.,Oxford,,3
Toggle Software Services UK Ltd.,London,,3
Token Studio ltd,London,,3
Tom Ford Studio Limited,London,,3
TomTom Software Limited,London,,3
TONK LABS LIMITED,London,,3
Top Cloud Logistics Ltd,Birmingham,,3
Top Innovations Ltd,London,,3
Toppan Digital Language Ltd,London,,3
Toqio Fintech Limited,London,,3
TORTOISE MEDIA LTD,LONDON,,3
Toshiba TEC UK Imaging Systems Ltd,Chertsey,Surrey,3
Total Performance Data Limited,London,,3
TOTAL SOLUTIONS TECHNOLOGY LTD,Letchworth Garden City,Hertfordshire,3
Total Systems plc,London,,3
Touchstar Technologies Limited,Manchester,,3
TPM Studio,London,,3
TRAction Fintech Ltd,London,,3
Tradebridge Financial Technologies Limited,London,,3
Tradepoint Systems UK Ltd,London,,3
Trading Technologies  UK Limited,London,,3
Transformer Systems Ltd,Leeds,,3
Transvault Software Limited,Bristol,Congresbury,3
Transwap Technologies (UK) Limited,Edinburgh,,3
Treacle Media Limited,Guildford,Surrey,3
Treasure Data (UK) Limited,London,,3
Treehouse Digital Limited,Bournemouth,Dorset,3
TRIBALLY STUDIOS LTD,London,,3
Tribe Group Digital Limited,London,,3
Tribu Hair Studio Ltd,London,,3
Trident Digitial Media Limited,London,,3
Trident Technologies Limited,London,,3
Trillium Flow Technologies Holdco Limited,London,,3
Tripledot Studios Limited,London,,3
TRITON MEDIA LTD,Reading,,3
TRM Labs UK Ltd,London,,3
True Digital Ltd,Bristol,,3
Truevo Payments UK Limited,LONDON,,3
TruFin Labs Limited,London,,3
Trulience Technologies Limited,London,,3
Trumpet Software Limited,London,London,3
Trust Payments Limited,London,,3
Trusted Technology Limited,Nottingham,,3
Trustly Technologies UK Ltd,London,,3
Tryambakam Digital Ltd,Bristol,,3
TSIT DIGITAL TECHNOLOGIES PRIVATE LTD,London,,3
TT Media (London) Ltd,London,,3
TUBI Media Group Ltd,London,,3
Tubular Labs UK Limited,London,,3
Tuckey Design Studio Ltd,London,,3
Tufin Software Europe Limited,Reading,,3
Turbine Simulated Cell Technologies Limited,Cambridge,Cambridgeshire,3
Turing Intelligence Technology Limited,London,,3
TURNLEAF ANALYTICS LTD,London,,3
Turnout Labs Ltd,London,London,3
TVG Media Ltd,Bristol,,3
TVision Technology Ltd,Woking,Surrey,3
Twelve Oaks Software Ltd,York,North Yorkshire,3
TWICE AS NARCE LIMITED (Narce Media),Birmingham,West Midlands,3
Twickenham Film Studios Limited,Greater London,,3
TWINKLE STUDIO LIMITED,Sheffield,,3
TWIRL TECHNOLOGIES LTD,London,,3
TWK Media Ltd,London,,3
Two Create Studio Limted,London,,3
Twomuch Studio Ltd,London,,3
Uart Studio Limited,London,,3
UBIETY Technologies Limited,Ely,Cambridgeshire,3
UBIQUE DIGITAL LTD,London,,3
UBIQUE SYSTEMS UK LIMITED,LONDON,,3
ubitricity Distributed Energy Systems UK Ltd,London,,3
UD Software Solutions Group Limited,Manchester,,3
UIC Digital Ltd,London,,3
UK CLOUD CONSULTING LTD,Reading,Berkshire,3
UK COLLEGE OF BUSINESS AND COMPUTING LTD,London,,3
UK Cyber Security Council,London,London,3
UK FIRST FINTECH LIMITED,London,,3
UK Gas Technologies Limited,Redhill,Surrey,3
UK MEDIA CITY LIMITED,BIRMINGHAM,WEST MIDLANDS,3
UK NetEase Interactive Entertainment Limited,Guildford,Surrey,3
"UK ORANGE MAGIC CUBE INFORMATION TECHNOLOGY CO., LTD",Milton Keynes,Buckinghamshire,3
UK&I CYBER RANGES ltd,Manchester,,3
UKG Technology Limited,Bracknell,Berkshire,3
UKTV MEDIA LIMITED,LONDON,,3
ULLA TECHNOLOGY LTD,London,,3
ULTRA INTELLECT TECHNOLOGIES LIMITED,London,,3
Ultraviolet Cyber (UK) Limited,London,,3
ULTRON TECHNOLOGIES LTD,BIRMINGHAM,,3
UMA LABS LIMITED,London,,3
Umi Digital Solutions Ltd,London,,3
Unboring Digital Ltd.,London,,3
Uncommon Creative Studio Holding Limited,London,,3
Uncommon Creative Studio Holding Ltd,London,,3
UNI4M MEDIA LIMITED,Manchester,,3
Unigram Media Limited,London,,3
Uniphore Technologies UK Limited,London,London,3
Unique Digital Marketing Limited T/A syzygy,London,,3
UNISON SOFTWARE AND CONSULTANCY LTD,London,,3
United Registrar Of Systems,Bournemouth,,3
Unitive Technologies Limited,London,England,3
Unity Software Limited,Brighton,Brighton and Hove,3
Universal Design Studio Limited,London,,3
Universities and Colleges Information Systems Association Ltd,Oxford,Oxon,3
Unlikely Artificial Intelligence Limited,Cambridge,Cambridgeshire,3
Unravel Technologies Limited,London,,3
UNSTOPPABLES DIGITAL MEDIA LTD,London,,3
UNTOLD STUDIOS LIMITED,LONDON,,3
Unusual Technologies Ltd,Brighton,,3
UPLAND SOFTWARE UK LIMITED,London,,3
Upload Media LTD,Hoxton,London,3
UPROOT TECHNOLOGIES LTD,Milton Keynes,Buckinghamshire,3
Upside Studio Ltd,London,,3
Uptick Software UK Limited,London,,3
Uptime Labs Ltd,London,,3
USS TECHNOLOGIES LIMITED,Slough,Berkshire,3
UTILITY DATA INTELLIGENCE LTD,London,,3
Uurnik Systems Ltd,Reading,Berkshire,3
UV Software Limited,Cambridge,,3
V M Media and Entertainment Ltd,London,,3
V-Square Technologies Ltd,Milton Keynes,,3
V2 Studios Limited,LONDON,Greater London,3
Vagabond Digital,MANCHESTER,Manchester,3
Valarian Technologies Limited,London,,3
Vali Analytics Limited,London,,3
VALUE TECH LABS LIMITED,Coventry,,3
Valvita Innovations Ltd,London,,3
Vambrace Cybersecurity Ltd,Leeds,West Yorkshire,3
Vandana Technologies Pvt Ltd,Staines upon Thames,Surrey,3
Vanellus Technologies Ltd,Cambridge,,3
Vanquish Technologies Ltd,London,,3
Vanta Technology UK Limited,London,,3
Vantage Data Centers UK Limited,Newbury,Berkshire,3
Vantage Media Limited,London,,3
Vantor Technologies UK Ltd,London,,3
Vauban Technologies Limited,London,,3
Vault Platform Ltd,London,,3
Vava Cars Systems UK Limited,London,,3
VC Innovations Ltd,LONDON,,3
VCG Technology Services Limited,Stockport,,3
Vectrus Systems Corporation,Milton Keynes,,3
Veeam Software UK Limited,London,,3
Veeva Systems UK Ltd,London,,3
Vega Investment Technologies Limited,London,,3
Velocity Technology Limited,London,,3
VENTURA UK TECHNOLOGIES LIMITED,London,,3
VEON Digital Limited,London,,3
Verified Digital Limited,London,,3
Verint Systems UK Limited,Woking,Surrey,3
VeriPark Software UK Limited,London,,3
Verisk Analytics Limited,London,,3
Veritas Health Innovation UK LTD,London,,3
Vertice Technology Ltd,London,,3
Verysell Technologies (UK) Ltd,London,,3
Vesper Software Ltd,London,,3
Vesta Software Group Limited,Wallingford,Oxfordshire,3
Victorious Technologies Limited,Berkshire,,3
Videojet Technologies Ltd,Huntingdon,Cambridgeshire,3
Vidit Technologies (UK) Limited,Birmingham,West Midlands,3
Vighnaharta Technology Solutions Ltd,Edinburgh,,3
Village Software Engineering Limited,Liverpool,,3
Vine Architecture Studio Ltd,London,---,3
VIPA Digital Ltd.,London,,3
Viper Innovations Ltd,Bristol,,3
VIPR Digital Limited (trading as FIXR),London,,3
Virgin Media Limited,Reading,,3
Virtual Data Centre Services Ltd,Leeds,,3
Virtual Reality Kingdom Technologies PVT Ltd,Reading,Berkshire,3
Virtual Tech Cloud Ltd,London,,3
Visible Analytics Limited,Witney,Oxfordshire,3
Vision Academy Education and Technology UK Limited,London,,3
Vistair Systems Limited,Bradley Stoke,Bristol,3
Vistas Studios Ltd,London,,3
VISUAL DATA MEDIA SERVICES LIMITED,London,,3
Visualist Technologies Ltd,London,,3
VISUN TECHNOLOGIES LTD,London,,3
VitalSource Technologies Ltd,Milton Keynes,,3
VIVA CITY TECHNOLOGIES LIMITED,London,,3
Vivacity Labs Limited,London,,3
Vivos Technology Limited (trading as PHASTAR),London,,3
VIX TECHNOLOGY UK LIMITED,CAMBRIDGE,,3
VM Cloud Limited,London,,3
voestalpine Turnout Technology UK Limited,Edinburgh,,3
Voi Technology UK Ltd,London,,3
VoiceVerse Labs Ltd,London,,3
Volant Media UK LTD,London,,3
Volante Technologies Inc.,London,,3
Volt Active Data UK Ltd,London,,3
Volt Technologies Holdings Ltd,London,,3
Volta Data Centres Limited,London,,3
Volteras Technologies Ltd,London,,3
VPGTS Technologies Ltd,Huddersfield,West Yorkshire,3
VTEX ECOMMERCE PLATFORM LTD,London,,3
Vyne Technologies Limited,London,,3
Vypr Validation Technologies Limited,Manchester,,3
W-Ink Studio Limited,Islington,London,3
WA CORPORATE AND EVENTS LTD T/A WILDABOUT FLOWERS STUDIO,LONDON,,3
Walmer Technology Limited,London,,3
WAMO TECHNOLOGY LIMITED,London,,3
Wan Media Ltd,London,,3
Wardog Studios ltd,Edinburgh,Midlothian,3
Warner Media International Limited,London,,3
WARP DIGITAL ENTERTAINMENT LIMITED,LONDON,,3
Wasi Cinematic Media Ltd,Birmingham,,3
Waste Logics Software Limited,London,,3
Watercycle Technologies,Manchester,Greater Manchester,3
WATERMARK TECHNOLOGIES LTD,SHIPLEY,W Yorkshire,3
Watershed Technology Limited,London,,3
Watkins Media Limited,London,,3
Wayve Technologies Ltd,London,,3
WE ARE ALIVE STUDIO LTD,Nottingham,"Nottinghamshire,",3
WeAre8 Media Ltd,London,,3
Weaver Labs Limited,London,,3
WEB3 DIGITAL LIMITED,London,,3
Web3 Labs Ltd,London,,3
Webheay Technologies Limited,Manchester,,3
WeDiscover Digital Ltd,London,,3
Wedo Technology Solutions Ltd,Bristol,,3
Wendover Studio Limited,London,,3
Wessex Institute of Technology,Southampton,Hampshire,3
West Pier Studio Ltd,Brighton,East Sussex,3
Westcliffe Health Innovations Limited,Eccleshill,West Yorkshire,3
Wheely Technologies Ltd,London,,3
WHISTLE DIGITAL LIMITED,London,,3
White Cloud Capital Advisors Limited,London,,3
White Spider Media Ltd,London,,3
Whitefox Technologies Limited,London,,3
WIM Technologies,London,,3
Windermere Control Systems Limited,Ascot,Berkshire,3
Wired Media Ltd,Bristol,,3
Wise Payments Limited,London,,3
WiseAlpha Technologies Limited,London,,3
WITTENSTEIN high integrity systems Ltd,Bristol,,3
Wixot Studios Limited,London,,3
Wiz Cloud Limited,London,,3
Wolf Systems Ltd,Coventry,,3
Workable Software Limited,London,,3
WorkBuzz Analytics Limited,Milton Keynes,Buckinghamshire,3
WorkForce Software Limited,Milton Keynes,,3
Worn Again Technologies Limited,Nottingham,,3
Worth Technology Limited,Cambridge,,3
WPP Media UK Limited,London,,3
WRT Technologies Limited,London,,3
WSC SPORTS TECHNOLOGIES LTD,London,,3
WT Datatech Ltd,Milton Keynes,Buckinghamshire,3
Wull Technologies,Manchester,,3
Wunderkind Technologies UK Ltd,London,,3
Wyoming Interactive Ltd,Edinburgh,Midlothian,3
XAAR Technology Ltd,Cambridge,,3
Xama Technologies Limited,Camberley,Surrey,3
XD INNOVATION LIMITED,Coventry,,3
XDEFI Technologies Ltd (trading as XDEFI Wallet),London,Middlesex,3
Xenelsoft Technologies Limited,Bristol,,3
Xiaomi Technology UK Limited,London,,3
XK studio Ltd,London,,3
Xn Global Systems Ltd,Salford,,3
Xplora Technologies Limited,Chiswick,London,3
Xurrent Software UK Ltd,London,,3
Yamato Scale Dataweigh (UK) Ltd,Leeds,LS115AL,3
YANG TECHNOLOGY LTD,London,,3
Yardi Systems Limited,Milton Keynes,,3
Yash Technologies Europe Ltd,London,United Kingdom,3
Yellowbrick Data UK Limited,London,,3
Yesdee Technologies Limited,Leeds,Yorkshire,3
YesMail Interactive London Ltd,London,,3
Yiva Digital,London,London,3
Yolo Technology Limited,London,,3
Yonder Financial Technology Limited,London,,3
YONDER TECHNOLOGY LTD,London,Greater London,3
YOUR DIGITAL WORK LTD,LONDON,,3
Your Studio Ltd,London,,3
Yourkeys Technology Limited,London,,3
Yupana Systems Limited,London,Fitzrovia,3
YXO Studios Limited,Bristol,England,3
Z-Tech Control Systems Limited,Swavesey,Cambridge,3
Z.A.K. Studio Ltd.,London,,3
ZAFIN LABS UK LTD,LONDON,,3
Zakapps Software Limited,Caldecotte; Milton Keynes,Bucks,3
Zamna Technologies Limited,London,,3
ZAP Technology Limited,London,,3
Zaum Studio Limited,London,,3
ZEN-X TECHNOLOGY LIMITED,London,,3
ZENITH LABS GROUP LTD,LEEDS,,3
Zenith UK (Media) Limited,London,,3
Zenium Technology Partners Limited,London,,3
Zenos Interactive Limited,London,,3
Zensar Technologies (UK) Ltd,London,,3
Zephyr Digital Consultancy Limited,London,,3
Zephyr Technology Consulting Limited,London,,3
Zeppelin Systems UK Ltd,Annesley,Nottinghamshire,3
ZERO DEGREES SYSTEMS LTD,Birmingham,,3
Zeta Analytical Ltd,Watford,Hertfordshire,3
Zeus Labs Limited,London,,3
Zhestkov.Studio Limited,London,,3
ZHUIMENG CLOUD UK LTD,London,,3
Zhuzhou CRRC Times Electric UK Innovation Center,Birmingham,,3
Zilch Technology Limited,London,,3
ZILO Technology Limited,London,,3
Zionix Technologies Ltd,London,,3
ZM IT TECHNOLOGIES LTD,Harrow,Greater London,3
Zoox Labs Ltd,Banbury,Oxfordshire,3
Zuba Technologies,London,,3
ZUCI SYSTEMS UK LIMITED,London,,3
Zuhayr Consultancy Limited T/A Cyberpeers,London,,3
Zuma Labs Limited,London,,3
Zydex Technologies Limited,London,,3
1 ACE TRAINING LIMITED,London,,2
4J'S Educational Academy Ltd,Peterborough,Cambridgeshire,2
6 Bit Education Ltd,Birmingham,,2
A PLUS ACADEMY LTD,Manchester,,2
A&F Tutors,London,,2
A-TO-E TRAINING AND SOLUTIONS LTD,London,,2
A-Z LEARNING ACADEMY LTD,London,,2
Abbey Multi Academy Trust,Leeds,,2
Abbeyfield Primary Academy,SHEFFIELD,South Yorkshire,2
ABC EDUCATION CONSULTANCY LTD,Manchester,England,2
Aberdour School Educational Trust,Tadworth,Surrey,2
Ability Post Production Academy Limited,Glasgow,,2
Abingdon Learning Trust,Abingdon,Oxfordshire,2
Acacia Care and Education Limited,Oxford,Oxfordshire,2
ACADEMY HOSPITALITY LTD,London,,2
ACADEMY HOUSE LIMITED,GLASGOW,,2
Academy Music Group,London,,2
Academy of Motion Picture Arts and Sciences,London,,2
ACADEMY WHOLESALE ELECTRICS LTD,GLASGOW,,2
Access All Care and Training Solutions Ltd,Chingford,London,2
Accord Multi Academy Trust,Wakefield,West Yorkshire,2
ACEBRIDGE EDUCATION LTD,London,,2
Achieve Teachers Ltd,London,,2
ACL Education Solutions Ltd,London,England,2
Acquire Learning College LTD,Sheffield,South Yorkshire,2
"Action for Health, Education and Disability (AHEAD) International",Birmingham,West Midlands,2
Activate Learning,Oxford,Oxfordshire,2
Activate Learning Education Trust,Reading,,2
Active Learning Trust,Chatteris,Cambridgeshire,2
Active Training Team Ltd,London,London,2
AD Property Training Ltd,SHEFFIELD,,2
Adams Academy Inc Ltd,Aldgate,London,2
Adnan Cricket Academy Ltd,London,,2
ADVANCE EDUCATION GROUP LTD,London,,2
Agape Multi Academy Trust,Reading,Berkshire,2
Agence France-Presse,London,,2
AGILE COACHING FOR PERFORMANCE LTD,Birmingham,,2
Airline Tariff Publishing Company (ATPCO),London,,2
AJ Mobility & Training Services Limited,Mitcham,Surrey,2
AKG (UK) Learning Limited,London,,2
AL HASSAN EDUCATIONAL ACADEMY,London,,2
Al Rowad International Schools Limited c/o The Pioneers Academy,Birmingham,West Midlands,2
Al-Farooq Education & Community Centre,Glasgow,,2
AL-HUDA ACADEMY,BOLTON,,2
AL-QUDS AL-ARABI PUBLISHING AND ADVERTISING (OVERSEAS) LIMITED,London,,2
Al-zahra Education Ltd T/a Step Institution,London,,2
Alain Charles Publishing Limited,London,,2
Alastair Sawday Publishing Co. Ltd,Bristol,,2
Albatross Education Ltd,London,,2
Aldridge Education,London,,2
Aldro School Educational Trust Limited,Godalming,Surrey,2
ALETHEIA ACADEMY LTD,Birmingham,,2
Alexi Overseas Education Consultancy and Service Ltd.,Newcastle Upon Tyne,,2
ALIFYA EDUCATION LTD,London,,2
Aliza Business Academy,Birmingham,,2
ALL ABROAD EDUCATION UK LTD,London,,2
ALPHA TRAINING & CONSULTANTS LTD,KNARESBOROUGH,North Yorkshire,2
Alternative Learning Trust,Sutton,Surrey,2
Ambiway Education Ltd,London,,2
Anchor Teaching Ltd,London,,2
Anglian Learning,Cambridge,Cambridgeshire,2
Anglo American Educational Services,London,,2
Anglo Educational Services LTD,London,UK,2
ANZUK EDUCATION LTD,LONDON,,2
APOLLO HEALTHCARE & TRAINING LTD,Bolton,,2
Aquinas Education Ltd,Nottingham,Nottinghamshire,2
Arbor Education Partners Ltd,London,,2
Archway Learning Trust,Nottingham,Nottinghamshire,2
Arco Academy,London,,2
Arete Learning Trust,Stokesley,North Yorkshire,2
Argyle IT & Education Limited,Edinburgh,,2
Armirate Education Limited,St Nicholas Way,Surrey,2
Arts Educational School London,London,,2
AS Foreign Education Consultants Limited,Birmingham,,2
Ascent Flight Training (Management) Limited,Bristol,South Gloucestershire,2
Aspect Education Limited,London,,2
ASPIRE TUTORING LTD,London,,2
ASQ Education Ltd,London,,2
Association of Employment & Learning Providers,Bristol,,2
Aston Community Education Trust,Shirebrook,Nottinghamshire,2
Aston Students' Union,Birmingham,West Midlands,2
Astrea Academy Trust,Sheffield,,2
Atom Learning,London,,2
Avado Learning Limited,London,Greater London,2
AVALON CARE TRAINING LTD.,Manchester,,2
Avon Education Services Ltd,Bristol,,2
Axiom Tutoring Ltd,London,Southwark,2
Axis Educational Trust,London,London,2
Azhar Academy,London,,2
AZHAR ACADEMY LIMITED,London,,2
B'NAI B'RITH HILLEL FOUNDATION t/a Union of Jewish Students,London,,2
BA EDUCATIONAL CONSULTANCY LTD,LONDON,,2
Baldev Skills Resources Limited,Sheffield,South Yorkshire,2
Bantock Training LTD,London,,2
Banyan Educational Consultancy Ltd,London,,2
Barnet Tuition Center Limited,London,,2
Batley Multi Academy Trust,Batley,West Yorkshire,2
BATU TRAINING SERVICES LTD,LONDON,,2
BCG Student Ltd,Henley-On-Thames,Oxfordshire,2
BE Education,LONDON,,2
Beifang Education Group (UK) Ltd,London,,2
Bellevue Education International Limited,London,,2
Bellevue Place Education Trust,London,,2
BESA Group-British Educational Services Group Limited,Manchester,United Kingdom,2
BEST TRAINING LONDON LIMITED,"London,",,2
Best Tuition Point Ltd,London,,2
Better Futures Multi Academy Trust,Coventry,,2
BIEA BRITISH INTERNATIONAL EDUCATION ASSOCIATION LTD,London,,2
Big Creative Training Ltd,London,,2
Big Education Trust,London,,2
BIGFOOT INTERNATIONAL EDUCATION LTD,London,,2
Birmingham City Students' Union,Birmingham,West Midlands,2
Blackwater Academy LTD,Birmingham,,2
Bloomsbury Publishing Plc,London,,2
Blue Consulting International Limited T/A Blue Education,London,,2
BMJ Publishing Group Limited,London,,2
Body Fit Training UK Limited,London,,2
Bonitas Multi Academy Trust Limited,Bracknell,Berkshire,2
BOOMSATSUMA EDUCATION LIMITED,Bristol,,2
Boost Education Service Limited t/a BHE Uni,London,,2
Bourne Education Trust,Epsom,Surrey,2
BPI Learning Consulting UK,London,,2
Bradford Academy,Bradford,West Yorkshire,2
Bradford Teaching Hospitals NHS Foundation Trust,Bradford,West Yorkshire,2
BRAINSTATION LEARNING LIMITED,London,,2
BRAVE EDUCATIONUK LIMITED,London,,2
Bridge Academy,London,,2
Brigantia Learning Trust Limited,Sheffield,,2
BRIGHT FUTURE TUITION LTD,Manchester,,2
Bright Futures Educational Trust,Flixton,Manchester,2
Bright Publishing Ltd,Sawston,Cambridgeshire,2
Bright Training & Assessment Ltd,London,,2
BRIGHT TUTORS LTD,LONDON,,2
BRIGHTEDGE ACADEMY LIMITED,LONDON,ILFORD,2
Brighton and Hove Social Welfare and Educational Trust Ltd,Brighton,East Sussex,2
Britannia Education Trust,London,,2
British Academy,London,,2
British Academy of Jewellery Ltd,London,,2
"British Academy Of Songwriters, Composers and Authors",London,,2
Broadway Academy Trust,Birmingham,West Midlands,2
Bromley Emergency Training & Research Ltd,London,,2
BROOKS RESOURCE ACADEMY LIMITED,London,,2
Built Environment Support and Training Ltd,Glasgow,Lanarkshire,2
Bundle Training Limited,London,,2
"BVU Ventures Ltd, t/a T4 Education",Hemel Hempstead,Hertfordshire,2
BYS Care & Training Services Limited,London,,2
Cabot Learning Federation,Bristol,,2
Caledonian Education Information Centre,Edinburgh,,2
CAMBRIDGE CENTER FOR EDUCATION EXCHANGE LTD,Cambridge,,2
Cambridge Professional Academy Ltd,Cambridge,,2
Camvision Education Limited,London,,2
Canopy Education CIC,London,London,2
CARE EMBASSY CONSULTANCY AND TRAINING LTD,Hatfield,Hertfordshire,2
CARE2 TRAINING LIMITED,LONDON,,2
Career Tutors Limited,London,,2
CASE INTERNATIONAL EDUCATION LTD,London,,2
CASS INTERNATIONAL EDUCATION & CONSULTING LTD,London,,2
Cavendish Education Ltd,London,,2
CCUK Education Ltd,London,,2
CEA CAPA Education Abroad,London,,2
Central City Training Venues Ltd,London,,2
CENTRE ACADEMY LONDON,LONDON,,2
CENTRE FOR EDUCATION-UK LTD,London,,2
Centre for Health Sciences Training Research and Development (CHESTRAD) International,London,,2
Centre of Accountancy Careers & Training Ltd,London,,2
Charlesworth Publishing Services Ltd,Huddersfield,West Yorkshire,2
Charlton Park Academy,London,,2
Cheam School Educational Trust,Thatcham,Berkshire,2
CHEETHAM KIDS ACADEMY LTD,Manchester,,2
Chelsea Academy (A Science Academy),London,,2
Chelsea Education Group Services Ltd,London,,2
CHESSVANTAGE ACADEMY LIMITED,London,,2
CHIP TRAINING & CONSULTING LTD,"London,",,2
Chorus Education Trust,Sheffield,South Yorkshire,2
CITY ACADEMY (ARTS) LIMITED,LONDON,,2
City Press Services Limited,Manchester,,2
Citywire Financial Publishers Ltd,London,,2
CLAP ACADEMY LIMITED,Croydon,London,2
Clapton Girls Academy,London,,2
Clarendon International Education Limited,Oxford,,2
Clear Corporation Training Limited,LONDON,,2
COCKBURN MULTI ACADEMY TRUST,Leeds,,2
Common Purpose Training Ltd,London,Greater London,2
Communication Works Publishing Group Limited,London,London,2
CONCRETED EDUCATION LTD,London,,2
Connectia Education Ltd,Woking,Surrey,2
Constellation Education Services,Bristol,,2
Contrast Publishing Ltd,London,,2
Convoy Education Ltd,London,,2
Coombe Academy Trust,New Malden,Surrey,2
CORE Education Trust,Birmingham,West Midlands,2
Corpus Christi Catholic Academy Trust,Manchester,Greater Manchester,2
Corvus Learning Trust,Sandhurst,Berkshire,2
Coventry University Students Union Limited,Coventry,West Midlands,2
CPB Educational Services Ltd,London,,2
Cravenhill Publishing Ltd,London,London,2
Creative Education Trust,London,London,2
Crescent Education Services Ltd,Birmingham,,2
Cresconova Academy,London,,2
Crimson Education (Europe) Limited,London,,2
Dada Education Global Limited,Leeds,,2
Danes Educational Trust,Chorleywood,Hertfordshire,2
Daughters of Divine Love Training and Assessment Centre (UK) - DDLTAC (UK),London,,2
"Davoud Falahatgar Etminani, trading as Tigers Taekwondo Academy",London,,2
Debate Mate Training Ltd,London,,2
Department for Education,London,,2
Desborough College Academy Trust,Maidenhead,Berkshire,2
Diversify Education and Communities CIC,Nottingham,Nottingham,2
Djanogly Learning Trust,Nottingham,Nottinghamshire,2
DNM (SOUTH WEST) LTD T/A BAMBER EDUCATION,Bristol,,2
DR SIMON'S ACADEMY & CONSULTANCY OF SCIENCE LIMITED,MANCHESTER,GREATER MANCHESTER,2
drb Ignite Multi Academy Trust,Birmingham,West Midlands,2
Dream Games Publishing Limited,London,,2
Dreamer Space International Education Ltd,London,,2
Duke Corporate Education Limited,London,United Kingdom,2
Dukes Education Group Ltd,London,,2
Dunraven Educational Trust,London,,2
DURSTON HOUSE SCHOOL EDUCATIONAL TRUST LTD,EALING,LONDON,2
Dynamic Education Services LTD,London,,2
EARLY BIRD EDUCATION LIMITED,Merton District,London,2
Early Education Centre,Walthamstow,London,2
Eastend Training Ltd,London,Greater London,2
Eastern Learning Alliance,Cambridge,Cambridgeshire,2
Echos Education Ltd,London,,2
Edinburgh Support Services & Healthcare Training Ltd,Edinburgh,Lothian,2
Edtech Games Development Limited,London,,2
EDUCATION & IT LIMITED,Birmingham,,2
EDUCATION AND ASSESSMENT LTD,Birmingham,,2
Education and Leadership Trust,Manchester,,2
Education Careers Limited,London,,2
Education Development Trust,Reading,Berkshire,2
Education Endowment Foundation,London,,2
EDUCATION FOR INDUSTRY GROUP,London,,2
Education House Leeds Ltd,Leeds,West Yorkshire,2
Education Index LTD,Henley-on-Thames,South Oxfordshire,2
Education International Cooperation UK Consulting Limited,Manchester,,2
Education Matters Group,Victoria,London,2
EDUCATION OFFICE  EMBASSY OF GREECE,LONDON,,2
Education Policy Institute,London,,2
Education Support Solutions Limited,Manchester,,2
EDUCATION TRAVEL & LEISURE LIMITED,London,,2
EDUCATION UK APPLICATION SERVICES LTD,LONDON,,2
EDUCATIONAL WORLD LIMITED,London,Woodford Green,2
EDUCATIONF1RST LTD,Birmingham,,2
Edvoy Educational Services Ltd,Manchester,,2
Edwings Overseas Educational Consultants Limited,Manchester,,2
EF CORPORATE EDUCATION LTD,London,,2
EF International Academy UK Limited,Oxford,,2
EF Student Services Ltd,London,,2
EFEKTA EDUCATION LTD,London,,2
"EIM Learning UK, Ltd",London,,2
Elevate Education (United Kingdom) Pty Ltd,London,,2
Emerald Publishing Limited,Bingley,West Yorkshire,2
Emerald Training and Medical Staffing Ltd,London,,2
Empiric Student Property Plc.,London,,2
Enjoy Training Limited,Wokingham,Berkshire,2
Enlighten Learning Trust,Esher,Surrey,2
Enterkey Training Ltd,Birmingham,West Midlands,2
ES Training Limited,London,Choose County,2
Essential Therapeutic Care and Education Ltd,Aldermaston,Berkshire,2
Exact Tutor Ltd,London,,2
Exam Success Educational Centre Limited,London,,2
EXCEL BUSINESS CONSULTANTS & TRAINING ACADEMY LTD,LONDON,,2
Excel Tutors,London,,2
Explora Haven Training and Support Services Limited,London,,2
Extra Learning UK Limited,Birmingham,,2
Eyesto Education Limited,Cardiff,Wales,2
FAHIQAH'S LEARNING ACADEMY LTD,Birmingham,,2
FCamara Consulting & Training,St. Albans,Hertfordshire,2
Filament Publishing,Croydon,Surrey,2
Finham Park Multi Academy Trust,Coventry,West Midlands,2
Firebrand Training Ltd,London,,2
FIRST CHOICE SAFETY TRAINING LTD,London,,2
First Class Learning Ltd,Reading,,2
First Lane Education UK Consultancy Ltd,London,,2
First Tutors HM Limited,London,,2
First Tutors UK,London,,2
Flame Tree Publishing Ltd,Fulham,London,2
Flexible Learning School LTD,Birmingham,,2
Flourish Learning,Liverpool,Merseyside,2
Flow Hospitality Training Limited,Edinburgh,Midlothian,2
FOOTBALL CLASS ACADEMY LTD,CARDIFF,,2
Forfar Education Ltd,London,,2
Foundation for International Education,London,,2
Fourth Monkey Education Limited,London,,2
Frontier Learning Trust,Finchley,London,2
FS Training and Consultancy Limited,Manchester,,2
Fulham Cross Academy,LONDON,,2
FULIA EDUCATION LTD,London,,2
Funk Enterprise Ltd T/A Funk Training Club,London,,2
Future Connect Training & Recruitment Ltd,Finchley Central,London,2
Future Connect Training and Recruitment Ltd,London,London,2
Future International Education UK Ltd,Nottingham,Beeston,2
Future London Academy Limited,London,,2
FUTURE TIDE EDUCATION LIMITED,London,Stratford,2
Garnet Publishing Limited,Reading,,2
GDS PUBLISHING LIMITED,BRISTOL,,2
GENDERGP EDUCATION LTD,London,,2
Get Skills Employment & Training UK,London,,2
Girls' Learning Trust,Sutton,Surrey,2
GK Tuition Limited,London,England,2
Glasgow Maritime Academy,Glasgow,,2
Glasgow University Students' Representative Council,Glasgow,,2
GLENCROWN TRAINING AND CONSULTING SERVICES LIMITED,London,,2
Global Alliance Academy Limited,London,,2
GLOBAL EDUCATION AND CAREER CONSULTANTS LIMITED,LONDON,,2
Global Learning Europe Ltd,London,,2
Global Recruitment Training Centre Limited,London,,2
GLOBAL TRAINING AND EDUCATION CONSULTANCY LTD,Birmingham,,2
Global Vision Education Consulting Ltd,LONDON,,2
Globe Education Services Ltd,Manchester,,2
Goffs School - Academy,Waltham Cross,Hertfordshire,2
Goldensparks Learning Limited,London,,2
Goldsmiths Students' Union,London,,2
Governance House for Consulting Training and Development Limited,London,,2
Grace Academy Coventry,Coventry,,2
Grangewood Educational Association,London,London,2
GREAT EDUCATION LIMITED,London,Ilford,2
Growth Academy Trust LTD,Coventry,westmidlands,2
GSL Education,Barnet,London,2
Gunjon Education (Int) Limited,London,,2
H and H Global Education Limited,LONDON,,2
H X-PRESS LTD,London,,2
HACKER ACADEMY LTD,London,,2
Hackney Education,London,,2
Hammersmith Academy,London,London,2
Hamwic Education Trust,Southampton,Hampshire,2
HAPPY EDUCATION CONSULTANCY LTD,London,,2
Harborne Academy,Birmingham,United Kingdom,2
Haringey Education Partnership,London,,2
Harmeny Education Trust Limited,Edinburgh,Midlothian,2
Harpenden Secondary Education Trust,Harpenden,Hertfordshire,2
HarperCollins Publishers Limited,Glasgow,,2
Harris Academy Beckenham,Bromley,London,2
Harris Academy Greenwich,London,,2
HARRIS ACADEMY MERTON,MITCHAM,SURREY,2
Harris Academy South Norwood,London,,2
Harris City Academy Crystal Palace,Crystal Palace,London,2
HARRIS GIRLS ACADEMY EAST DULWICH,LONDON,,2
Harrogate Skills 4 Living,Harrogate,North Yorkshire,2
Harvington School Educational Trust Ltd,London,,2
Hassle Free Education Ltd,Birmingham,,2
Hato Press Ltd,London,,2
Health Education England,Birmingham,West Midlands,2
Healthcare Education Student Support Services Limited,Newcastle Upon Tyne,,2
Herts & Essex Multi-Academy Trust,Bishops Stortford,Hertfordshire,2
Hertswood Academy,Borehamwood,"Hertfordshire,",2
HGV TRAINING SERVICES LTD,LONDON,,2
HIGH PEAK PUBLISHING LIMITED,Birmingham,,2
HIGHBRIDGE EDUCATION LTD,London,,2
Hills Education Trust Limited,Cambridge,Cambridgeshire,2
Hillyfield Academy,London,,2
Hinchley Wood Learning Partnership,Esher,Surrey,2
Hive Learning Limited,London,,2
Holborn Accountancy Tuition Limited,London,,2
Holt green training ltd,Stockport,Greater Manchester,2
Holy Cross Catholic Multi Academy Company,Coventry,,2
Hopespark Academy Ltd,London,,2
Horizon Care and Education Services Limited,Manchester,,2
House of Learning Ltd,Croydon,Surrey,2
How To Academy Limited,London,,2
HTI Education Ltd,Manchester,,2
Hua Hsia Chinese Tuition Limited,London,,2
Hull University Students' Union Ltd,Hull,East Yorkshire,2
Hull University Teaching Hospitals NHS Trust,Hull,East Yorkshire,2
Humber Teaching NHS Foundation Trust,Willerby,East Yorkshire,2
HY Education Ltd t/a Apex College,London,,2
Hyde Academy Ltd,London,,2
Hyde Global Education Ltd,London,England,2
I Teach Wales Limited,Cardiff,,2
Ibil Aesthetic & Training Academy Ltd,Greenwich,London,2
ICE Teaching LLP,Manchester,,2
Imago Publishing Limited,Thame,Oxfordshire,2
IMC (UK) Learning Limited,London,,2
IMI Publishing Ltd.,London,,2
Immersify Education Ltd,Manchester,,2
Impact Academy Limited,London,,2
Imperial Learning Ltd,London,,2
IMPRESS: The Independent Monitor for the Press,London,,2
IMR Education Ltd,London,,2
In-Part Publishing Ltd,Sheffield,,2
INCHWISE EDTECH LTD,London,,2
Independent Educational Association Ltd,London,,2
INDUS EDUCATION FOUNDATION INTERNATIONAL,London,,2
Inspire Education Trust,Coventry,,2
Inspire Partnership Academy Trust,Woolwich,London,2
Inspired Educational Consulting Limited,Cambridge,,2
Inspiren Global Education Ltd,London,,2
Inspiring Tutors Ltd,London,,2
Intellego Education Services Limited,London,,2
INTEN Education Group Ltd.,Manchester,,2
INTERGREAT EDUCATION GROUP LTD.,LONDON,,2
InterLead Education Ltd,London,,2
International Education and Business Solutions Limited,Birmingham,,2
International Education Counselling Centre,Sheffield,,2
International Education Exchange Ltd,London,,2
International Education Organisation Ltd,London,,2
International Fellowship of Evangelical Students,Oxford,,2
INTERNATIONAL FOUNDATION FOR CHILDREN'S EDUCATION,Manchester,,2
International Group Of Education Ltd,London,,2
INTERNATIONAL QUALIFICATIONS AND CERTIFICATIONS ASSESSMENT BOARD LTD,"Kensington, London",,2
International Students House,London,,2
IOS RECRUITMENT AND TRAINING SERVICES LTD,Cardiff,Wales,2
IPE International Publishers,London,,2
ISAC EDUCATION LIMITED,London,,2
Islington Community Sports Academy,London,,2
IT PROFESSIONAL TRAINING LTD,EDINBURGH,,2
Ivors Academy Trust,LONDON,,2
Ivy Learning Trust,London,,2
JAFKO EDUCATION LIMITED,LONDON,,2
JE CREATIVE EDUCATION LTD,London,,2
JERBS EDUCATION ACADEMY LTD,Nottingham,,2
Jewish Community Academy Trust,London,London,2
Jigsaw Education Evidence Ltd,London,,2
John Dewey Specialist College / Area51 Education,London,,2
JSA Education Group Ltd t/a JCA London Fashion Academy,London,,2
JT Education Limited,London,,2
Jung Wang Ltd t/a The British English Academy,Oxford,,2
K EDUCATION LTD,London,,2
Kaamil Education Limited,London,,2
Kafleas Academy Limited,London,,2
KAIYIXIN EDUCATION CONSULTANCY LIMITED,London,England,2
KAPPA Training and Consulting Services Ltd,Reigate,Surrey,2
KBM TRAINING & RECRUITMENT LTD,LONDON,,2
KEJIA EDUCATION GUARDIAN LTD,Brighton,,2
Kelvinside Academy,Glasgow,,2
Kensington Aldridge Academy,Kensington,London,2
KHIDMAH ACADEMY,LONDON,,2
King Edward VI Academy Trust Birmingham,Birmingham,West Midlands,2
King's Cross Academy Trust,London,,2
Kings Academy Trust,Eccles,Manchester,2
Kingston Academy Limited (Reseller),Romford,London,2
Kingston Students' Union,Kingston,Surrey,2
KNEWTON PLUS ACADEMY LIMITED,London,England,2
KPG Global Education Ltd,Coventry,,2
Kress Cooper Academy LTD,Surrey,,2
KS EDUCATION ASSOCIATES LIMITED,LONDON,,2
Kukula Education Consultancy Ltd,London,UK,2
L&J GC EDUCATION LTD,Birmingham,,2
L.E.A.D. Academy Trust,Nottingham,Nottinghamshire,2
Lampton School Academy Trust,London,,2
Lanier Theological Education Foundation,Kidlington,Oxfordshire,2
LAW TRAINING CENTRE KENT LIMITED,LONDON,,2
LCA Education Limited,Manchester,,2
LDN Apprenticeships Ltd,London,,2
Leading Education Ltd,London,,2
Learn Trade Skills,Cheshunt,Hertfordshire,2
Learning Centre for Management & Training Ltd,London,,2
Learning Connexions (UK) Ltd,London,,2
Learning in Harmony Trust,Hartley Avenue,London,2
Learning Partners Academy Trust,Guildford,Surrey,2
Learning Roots Ltd,London,,2
Learning Unleashed Limited,Liverpool,,2
Learning World Montessori Limited,Croydon,Surrey,2
LEARNINGPOINT LIMITED,Birmingham,,2
Leeds Student Medical Practice,Leeds,,2
Leeds Teaching Hospitals NHS Trust,Leeds,West Yorkshire,2
Leger Education Trust,Doncaster,South Yorkshire,2
Liberty Academy Trust,London,,2
Liberty Accounting & Training Ltd,London,,2
Libra Education LTD,London,,2
Life Success Academy CIC,Birmingham,,2
Lifetime Training Group Ltd,Bristol,,2
Limms Skills Academy Limited,London,,2
Lindamood-Bell Learning Processes,London,,2
Lion Academy Trust,Leyton,London,2
List Publishing Ltd,Edinburgh,,2
LITTLE LION EDUCATION LTD,London,,2
Lockwood Publishing Ltd,Nottingham,Nottinghamshire,2
LOGIX TRAINING LTD,London,Leyton,2
LOIBAR EDUCATION CONSULTANCY LTD,COVENTRY,WEST MIDLANDS,2
London Academy,London,,2
London Academy of Excellence Tottenham,London,,2
London Academy of Music and Dramatic Art,London,,2
London Business Training and Consulting Ltd,LONDON,,2
London De Academy Limited,London,,2
LONDON EDUCATION MANAGEMENT LTD,LONDON,Greater London,2
London Learning Consortium,Croydon,Surrey,2
London Medical Training Ltd,London,,2
London One to One Academy UK LTD,London,,2
LONDON PRIME TUITION LTD,London,,2
London School of Economics and Political Sciences Students' Union,London,30000,2
LONDON SCHOOL OF LEARNING HUB LTD,London,,2
London School of Management Education,Gants Hill,London,2
LONDON SCHOOL OF TRAINING & EDUCATION LTD,London,,2
London Sports Academy Limited,London,,2
London Star Education LTD,London,,2
LONDON TRAINING COLLEGE LTD,London,,2
Lord Grey Academy,Milton Keynes,Buckinghamshire,2
LOVEUK EDUCATION. LTD,Birmingham,,2
LSI Education,London,,2
Lucky Cat Publishing Ltd trading as Magic Cat Publishing,London,London,2
Lumen Learning Trust,Shepperton,Surrey,2
Lumina Learning Limited,Reading,,2
Luminate Education Group,Leeds,West Yorkshire,2
Lumis Student Living Limited,London,,2
LUX MUNDI CATHOLIC ACADEMY TRUST,London,,2
MAG EDTECH LIMITED,Cambridge,,2
Mak Education Limited,London,,2
Makers Academy,London,London,2
Maljee Establishment Limited T/A Vision Academy,London,,2
Manchester Chinese Academy of Dance Ltd,Manchester,,2
MANCHESTER COLLEGE OF SKILLS & TRAINING LIMITED,Manchester,,2
Manchester Communication Academy,Manchester,,2
Manchester Learning Zone,Manchester,Lancashire,2
MANCHESTER TRAINING SCHOOL LIMITED,MANCHESTER,,2
Mantra Learning,Middleton,Greater Manchester,2
MarcoPolo Learning Ltd,London,,2
Maria Montessori Training Organisation (The),London,,2
Maritime Academy Trust,London,,2
MASSOLIT Online Education,London,,2
MATRIX SOLUTIONS INTERNATIONAL LTD T/A ANZ Training,BIRMINGHAM,,2
McGraw Hill Education (UK) Limited,London,,2
Medefine Education Group LTD,London,,2
MEDICAL ASSESSMENT AGENCY LTD,London,England,2
Mehr Tutoring Services Limited,Birmingham,,2
Merc Education UK LTD,London,,2
Merchant Taylors' Oxfordshire Academy Trust,Wallingford,Oxfordshire,2
Merrywood Education Ltd,Tadworth,Surrey,2
Merviq Education Ltd,London,N/A,2
Mid Yorkshire Teaching NHS Trust,Wakefield,West Yorkshire,2
"Milestone Edtech (UK) Co.,LTD",Glasgow,,2
Milestones Education Ltd,Birmingham,,2
MILTON KEYNES TRAINING CENTRE LTD,Milton Keynes,,2
Mindful Education,London,,2
Mindstone Learning Limited (t/a Mindstone),London,,2
Mini Professionals Dance Academy Ltd,Kidlington,Oxford,2
Minuteman Press Oxford Ltd,Oxford,,2
MK GLOBAL EDUCATION CONSULTANT LIMITED,"Manchester, Lancashire",United Kingdom,2
Mockingbird Raw Press Limited,London,,2
Mojereh Training Limited,London,,2
Montessori Education for Autism,London,,2
Moon Hall Schools Educational Trust,Reigate,Surrey,2
Moonlight Academy Ltd,London,England,2
Mount Olive Wellbeing Training Limited,Bracknell,Berkshire,2
Mountview Academy of Theatre Arts,London,,2
Mustard Seeds Educational Ltd,Merton District,London,2
Nat's Tutorial Limited,LONDON,LONDON,2
National Education Group Ltd,Sheffield City Centre,Sheffield,2
National Education Union (NEU),London,,2
National Foundation for Educational Research in England & Wales,Berkshire,,2
NATIONAL STEM EDUCATION LIMITED,Birmingham,,2
NCC EDUCATION LIMITED,Manchester,,2
NCG Higher Education Centre Limited,Newcastle-Upon-Tyne,Tyne And Wear,2
Needle Point Education Limited,London,,2
NEO-RESONANCE AND COACHING LTD,London,,2
NEVSAH ACADEMY LTD,London,,2
New Concept Care Nursing Training Ltd.,York,East Yorkshire,2
Newbury Academy Trust,Newbury,Berkshire,2
NEWCASTLE EDUCATION GROUP LTD,Newcastle Upon Tyne,,2
NEWGLOBE EDUCATION SERVICES UK LIMITED,Forest Gate,London,2
Newham College of Further of Education,London,,2
Newham Community Learning,London,,2
NewsNow Publishing Limited,London,,2
Newto Training Limited,London,,2
Newton Co-Educational Preparatory School,London,,2
Newton Venture Education Limited,London,,2
NextStep Training Ltd,London,County,2
Nexus Multi Academy Trust,Rotherham,South Yorkshire,2
NHS Education For Scotland,Edinburgh,,2
Nord Anglia Education Ltd,London,,2
North West Training Council,Liverpool,,2
Northchild Education (UK) Ltd,London,,2
Nosce Education Limited,London,,2
Nova Education Trust,Nottingham,Nottinghamshire,2
Nubridge Publishing Limited,London,,2
NULEAF EDUCATION LIMITED,Birmingham,West Midlands,2
NW Publishing UK LTD,London,,2
Oasis Community Learning,London,,2
Omnia Learning Trust,Twickenham,Oxfordshire,2
ONTARIO TEACHERS' PENSION PLAN (EUROPE) LIMITED,LONDON,,2
Ontario Teachers' Pension Plan (Europe) RE Limited,London,,2
Open Education AI CIC,Covent Garden,LONDON,2
Optimised Training Centre,Birmingham,,2
Orbis Education and Care,Cardiff,,2
Orchard Hill College Academy Trust,Sutton,Surrey,2
Orchard Learning Alliance,Woodley,Berkshire,2
Origin Education UK International Cultural Exchange Ltd,London,,2
Orion Training and Development Ltd,Birmingham,West Midlands,2
OSME EDUCATION LTD,Bromley,Greater London,2
Osmosis Training Ltd,London,,2
Our Lady of Grace Catholic Academy Trust,London,,2
Overseas Tutorial Centre Ltd,London,,2
Oxbridge Academy Ltd,London,,2
OXBRIDGE EDUCATION GROUP LIMITED,Reading,,2
OXFORD ACADEMY LONDON LTD,London,,2
Oxford House College Training Limited,London,,2
Oxford Leadership Academy Limited,London,,2
Oxford Royale Academy,Oxford,Oxfordshire,2
Oxford Scholastica Academy Ltd,London,,2
P.S. Press Ltd,London,,2
Packt Publishing Ltd,Birmingham,West midlands,2
PANDA EDUCATION GROUP LTD,London,England,2
PANJABI GUARDIAN & MULTI-LINGUAL PUBLISHERS LTD,"Handsworth, Birmingham",,2
PAPPLEWICK EDUCATIONAL TRUST LIMITED,ASCOT,BERKSHIRE,2
Parent and Child Fostering Assessments (PACFA),Surrey,,2
Pathfinder Educational Limited,Manchester,,2
Pathfinder Multi Academy Trust,YORK,North Yorkshire,2
Payday Music Publishing UK Limited,London,,2
Peace Home Learning Center Ltd,London,,2
PEARL TRAINING AND CONSULTANCY SERVICE LIMITED,London,,2
PERSIA EDUCATIONAL FOUNDATION,London,,2
Persona Education Ltd,Bristol,,2
Perspective Publishing Limited,London,,2
Phaidon Press Limited,London,,2
PHILIP TRAINING CENTRE LTD,Greenwich,London,2
PI ACADEMY LTD,London,,2
Pimlico Academy,London,,2
PINE EDUCATION LTD,London,,2
Pioneer Educational Trust,Slough,Berkshire,2
Pioneer Tutors Limited,London,,2
Place Education CIC,Liverpool,- select -,2
PLANET EDUCATION NETWORKS LTD,London,,2
PLUS Education,London,,2
PPL Training Ltd,York,North Yorkshire,2
PREMIER EDUCATION CARE LTD,Birmingham,,2
PREMIUM EDUCATION INTERNATIONAL LTD,London,,2
Presdales School Academy Trust,Ware,Hertfordshire,2
Presscription Juices Ltd,Surrey,,2
Presson Tax Accountants Ltd,Nottingham,,2
Prestolee Multi Academy Trust,Manchester,,2
Prime Tuition Services Limited,London,,2
Prime Tutors Ltd,London,,2
PRIME UK EDUCATION LTD,London,,2
Princeton University Press,Oxford,Oxfordshire,2
PROFESSIONAL AESTHETICS ACADEMY LTD,Birmingham,West Midlands,2
Progress Music Academy,"Birmingham, West Midlands",United Kingdom (GB),2
Progressive Education Consultants UK Ltd T/A Mail boxes Etc.,London,,2
PROPEL LEARNING LTD,LONDON,,2
Propeller Academy Trust,Wantage,Oxfordshire,2
ProQuest Information and Learning Limited,Cambridge,,2
Prozone Training Limited,Birmingham,West Midlands,2
Publisherr Limited,London,,2
PURPLE ACADEMY LIMITED t/aThe Teachers Training,London,,2
QED EDUCATION GROUP LIMITED,Windsor,Berkshire,2
QED Education Group Ltd,Windsor,Berkshire,2
Quarto Publishing plc,London,,2
Queens Park Community School Academy Trust,London,,2
Quint Education,London,Edgware,2
Quodox Training Limited,London,,2
R S FORKLIFTS TRAINING LIMITED,Birmingham,,2
R&A EDUCATION LTD,Birmingham,,2
R. TUTORS LTD,LONDON,,2
Rainbow Angels Nurseries & Learning Centres Ltd,Rainham,"Essex, Greater London",2
Raise Education & Wellbeing Ltd,Bolton,,2
Raza Islamic Educational Cultural Centre Markaz-E-Ahle Sunnat,Birmingham,,2
Reach Learning Disability,Southwell,Nottinghamshire,2
READ EDUCATION SERVICES,London,,2
Red Balloon Educational Trust,Cambridge,,2
Red Kite Learning Trust,Harrogate,North Yorkshire,2
Redactive Publishing Ltd,London,,2
Redhill Academy Trust,Arnold,Nottingham,2
REDOOR EDUCATION LTD,London,,2
Refugee Education UK Ltd,Harlesden,London,2
Regal Technical and Training Solutions ltd,Slough,Berkshire,2
Renaissance Learning UK Ltd,London,,2
Resolve Education Ltd,Oldham,Greater Manchester,2
RESULTS EDUCATION,London,,2
Rich Success Training Consultancy Ltd,London,,2
Rivers Multi Academy Trust,Sawbridgeworth,Hertfordshire,2
Riverside Education Ltd,Birmingham,,2
RM Education Ltd,Abingdon,Oxfordshire,2
RNS EDUCATION LIMITED,London,,2
RNS Education Ltd,London,,2
Royal Academy of Dance,London,,2
Royal Academy of Dramatic Art,London,,2
Royal Academy of Engineering,London,,2
Royal Academy of Music,London,,2
Royal Scottish Academy of Art and Architecture,Edinburgh,Midlothian,2
Royal Wharf Aesthetics & Academy Ltd,London,,2
RS EDUCATION LIMITED,London,,2
Ruth Miskin Literacy Ltd.,London,,2
Rutledge Training Ltd,Coleraine,Londonderry,2
S9 Training Solutions Ltd,Ilford,LONDON,2
SADIQIYYAH EDUCATION LTD,London,England,2
SAHARA STUDENT SERVICES LIMITED,Bournemouth,Dorset,2
Sai Academy limited,London,Essex,2
Saint John Southworth Catholic Academy Trust,London,,2
Salford Training Academy Ltd,Manchester,,2
Sancta Familia Catholic Academy Trust,London,,2
Sans Training UK - Limited,London,,2
Saracens Multi-Academy Trust,London,,2
SBA Training Academy,Manchester,Lancashire,2
Scholars' Education Trust Central Team,St Albans,Hertfordshire,2
School Of Sufi Teaching,London,,2
Scientific Education Support (SES) Ltd,London,,2
SEARCH EducationTrust,London,,2
SECUREWAY TRAINING LTD,Birmingham,,2
Selectia Education Ltd,London,,2
SELIM TRADERS (UK) LTD T/A Unique Learning Advisor,LONDON,,2
Seneca Learning Ltd,London,,2
Serenity Education Group,Eltham,London,2
"Seva Education, Health & Care Ltd",London,Middlesex,2
SFS CONSULTANCY AND EDUCATION LIMITED,London,,2
SHAHEEN STUDENT CONSULTANCY LIMITED,LONDON,,2
SHAHFORAN MOSQUE AND ISLAMIC EDUCATION CENTRE TRUST,MANCHESTER,,2
SHEBAHL SKILLS and SUPPORT SERVICES LTD,London,,2
Sheffield Teaching Hospitals NHS Foundation Trust,Sheffield,South Yorkshire,2
SHEPHERD BUSH TUTORS,Broxbourne,Hertfordshire,2
SHINE TUTOR,Coventry,,2
Sidney Stringer Multi Academy Trust,Coventry,West Midlands,2
SISHIRE EDUCATION CONSULTANCY LTD,London,,2
SKILLS ALLIANCE (PHARMA) LTD,London,,2
Skills and Education Group,Nottingham,,2
Skills Consultancy & Management UK Limited,London,Not Applicable,2
Skills Growth Academy Ltd,London,,2
Skills Max Academy Limited,London,,2
Skillstream Ltd,London,,2
Skolar Education UK Limited,Newcastle Upon Tyne,,2
SKOLAZ EDUCATIONAL SERVICES LTD,Birmingham,,2
Sky-High Tuition Ltd,Manchester,,2
Slough and East Berkshire C of E Multi Academy Trust,Slough,Berkshire,2
Smart Move Education Group Limited,London,,2
SMS COACHING LIMITED,Manchester,,2
Sony/ATV Music Publishing,London,,2
South Bank Students' Union Ltd,London,,2
South East Surrey Schools Education Trust,Dorking,Surrey,2
South Farnham Educational Trust,Farnham,Surrey,2
South Wales Education Centre Limited,Cardiff,,2
South York Multi-Academy Trust,YORK,,2
Southampton Engineering Training Association Limited (The),Southampton,,2
Sova Assessment Ltd,London,,2
Spa Education Trust,London,,2
Spanish Education Office,London,,2
SPORTS EDUCATION ACADEMY LTD,London,,2
Sports Heroes Limited t/a Education 1st,Bristol,,2
St Benedict Catholic Academy Trust,Croydon,Greater London,2
St Clare Catholic Multi Academy Trust,Sheffield,South Yorkshire,2
St Cyprian's Greek Orthodox Primary Academy,Thornton Heath,Surrey,2
St Davids International Education Limited,London,,2
St Dunstan's Education Group,London,,2
St Laurence Education Trust (Ampleforth College),York,,2
St Mary's CE Academy Cheshunt,Cheshunt,Hertfordshire,2
St Paul's Academy,London,,2
St Peter's Catholic Voluntary Academy Trust,Bournemouth,Dorset,2
St Teresa of Calcutta Catholic Academy Trust,Bury,Greater Manchester,2
ST. UNIVERSE TUTORS LIMITED,London,,2
Starlea Education Ltd,London,REGISTERED ADDRESS,2
STEPPING STONES EDUCATION LTD,London,,2
STEPS EDUCATION LIMITED,London,,2
Stevenage Education Support Centre,Stevenage,Hertfordshire,2
Stirling Education UK LTD,London,,2
Storal Learning Ltd.,London,,2
Stratford School Academy,London,,2
Student Castle Property Management Services Limited,London,,2
Student Connect Ltd,London,,2
Student Educational Services LTD,London,,2
Student Homes Management Limited,London,,2
STUDENT LIVING MANCHESTER LTD,Manchester,,2
Student Loans Company,Glasgow,,2
Student Luxe LTD,London,,2
STUDENT PARTNERS LIMITED,London,,2
Student Partnerships in Quality Scotland SCIO,EDINBURGH,,2
Student Study LTD,London,,2
StudentLighthouse Accommodation Options Ltd,Edinburgh,Midlothian,2
STUDENTQUE LIMITED,London,,2
STUDENTS FEE COLLECTION SERVICES LIMITED,Woolwich,London,2
Students Travel Company Limited,Cambridge,,2
Suman Education International Limited,Manchester,,2
Summit Learning Trust,Birmingham,,2
Sun Clinics UK Ltd T/as DSR Academy,Manchester,,2
Sutton & District Training Limited,Carshalton,Surrey,2
Swift Education Limited,London,,2
TALA TRAINING AND EMPLOYMENT LIMITED,Manchester,,2
TalentBoost Education & Consulting Ltd,London,,2
Teach First,London,,2
Teach for All Network,London,,2
Teacher Retirement Investment Company of Texas Limited,London,London,2
Teacher Stern LLP,London,,2
Teacher Training International Limited,London,,2
TEACHERCENTRIC LIMITED,London,,2
Ted Grant Education Project Ltd,London,,2
Telegraph Publishing Limited,London,,2
TES Education Ltd,London,,2
TESOL INTERNATIONAL ACADEMY LIMITED,London,England,2
The Advocacy Academy,London,,2
The Arbib Education Trust,Berkshire,Berkshire,2
The Archer Academy,London,,2
The Art Academy,London,,2
The Associated Press,London,,2
The Boxing Academy Trust,London,Hackney,2
THE BRITANNIA ACADEMY OF ELEARNING LTD,Manchester,,2
The Cam Academy Trust,Comberton,Cambridgeshire,2
The Carbon Literacy Trust,Manchester,,2
The Challenge Academy Trust,Warrington,Cheshire,2
The Church of London Publishing Limited,London,,2
The Developer Academy,Sheffield,South Yorkshire,2
The Diamond Learning Partnership Trust,St. Neots,Cambridgeshire,2
The Edinburgh Academy,Edinburgh,Midlothian,2
The Education Group (London) Ltd,London,,2
The Education School Ltd,London,,2
THE ELEARN ACADEMY LTD,London,,2
The Exceptional Education Trust,London,,2
The Fair Education Alliance,London,,2
The Fertility Academy Limited,London,,2
The Forest School Academy Trust,Wokingham,Berkshire,2
THE JIJI PRESS LIMITED,London,,2
The Learning and Performance Institute Limited,Coventry,,2
The Manchester Academy Limited,Manchester,Manchester,2
The Middlesex Learning Trust,London,,2
The Mill Academy,Witney,Oxfordshire,2
The Olympus Academy Trust,Bristol,,2
The Palmer Catholic Academy,Ilford,London,2
The Park Federation Academy Trust,Slough,Berkshire,2
The Profs Tuition Ltd,London,,2
The Queen's Foundation for Ecumenical Theological Education,Birmingham,,2
The Quest Academy,South Croydon,Surrey,2
The Royal Academy of Arts,London,,2
The STEP Academy Trust,Thornton Heath,Surrey,2
The Student Energy Group,Birmingham,West Midlands,2
The Tapscott Learning Trust,London,London Borough of Newham,2
THE THAMES ACADEMY LTD,New Malden,Surrey,2
The Training School Ltd,London,,2
The Ufton Court Educational Trust,Reading,Berkshire,2
The University of Westminster Student Union,London,,2
Think Academy International Education Limited,London,,2
Think Publishing,London,,2
Thurlow Educational Trust,London,,2
Tickled Pink Publishing Limited,Esher,Surrey,2
Tiro Training Limited,Birmingham,,2
Titan Education Trust,Birmingham,,2
Titan Publishing Group,London,,2
TKS EDUCATION LTD,NEWCASTLE UPON TYNE,,2
TLN Training Limited,London,,2
TNF TRAINING AND CONSULTING LIMITED,London,,2
Top Horizon Learning Ltd,London,,2
Top Offer Academy Limited,London,,2
Total Health Support and Training Services Ltd,Reading,Berkshire,2
Total Pressure Solutions Limited,Coventry,West Midlands,2
TOTAL STUDENT CARE (TSC) LTD,London,,2
Touchline Publishing Ltd,London,,2
Tower College of Further and Higher Education London Ltd,London,,2
Train 2 Succeed Academy Limited,Liverpool,,2
Training 212 Limited,Coventry,,2
Training Lives Ltd,Liverpool,,2
"Training The Street UK, LLC (""UK BRANCH"")",St Albans,Hertfordshire,2
TRENT EDUCATION CENTRE LTD,Nottingham,,2
TRINITY MULTI ACADEMY TRUST,"Halifax,","West Yorkshire,",2
Trinity Open Learning Ltd,London,England,2
Trust in Learning Academies,Bristol,,2
Tutor The Nation,London,,2
TutorChase Ltd,London,,2
TutorCruncher Ltd,London,,2
Tutors and Exams Limited,Coventry,West Midlands,2
Tutors International Ltd,Oxford,OXON,2
Twig Education Ltd,Glasgow,Lanarkshire,2
UACB EDUCATION,Birmingham,West Midlands,2
Uddin Learning Solution UK Ltd,London,,2
UK CAMBRIDGE EDUCATION CENTRE LIMITED,Cambridge,,2
UK China Student Union,Brighton,,2
UK CULTOUR & EDUCATION LTD,Edinburgh,,2
UK CURRICULUM AND ACCREDITATION BODY (UKCAB),Birmingham,West Midlands,2
UK Offer International Education Limited,Coventry,,2
uk pathway education ltd,BIRMINGHAM,,2
UK-China Culture & Education Cooperation Promotion Centre Ltd,London,,2
UKINSIGHT EDUCATION LTD.,Nottingham,,2
Ultimate Preparatory Education Limited,London,,2
ULTRA EDUCATION SERVICES LTD,London,,2
UM Education Ltd,London,,2
Unifrog Education Limited,London,,2
UniHive Education Limited,Cambridge,,2
Union Press Ltd,London,,2
United Foreign Education Consultancy Ltd,London,,2
UNITED KINGDOM & EUROPE WORLD LITERACY FOUNDATION,London,,2
UNIVERSAL EDUCATION CARE LTD,London,,2
University of Bristol Students' Union,Bristol,,2
University of Hertfordshire Higher Education Corporation,Hatfield,Hertfordshire,2
University of Hertfordshire Students' Union,Hatfield,Hertfordshire,2
University Of Nottingham Student Union,Nottingham,,2
University of Strathclyde Students' Association,Glasgow,,2
UpGrad EdTech UK Limited,London,,2
US-UK Educational Commission (US-UK Fulbright Commission),London,,2
Usborne Publishing Limited,London,,2
Valor Care Services Training and Consultancy Limited,Sutton,SURREY,2
Vector Education Sports Limited,London,,2
Verto Education UK Ltd,London,,2
Vibe Teacher Recruitment Limited,London,,2
Vigilo Training Limited T/A Vigilo Solutions,GLASGOW,,2
Virtual Class Ltd trading as Third Space Learning,London,,2
VIRTUE THERAPEUTIC CARE & EDUCATION (EAST SUSSEX) LIMITED,London,,2
VISS EDUCATION CONSULTANCY LTD,London,,2
Vive Education Group Ltd,London,,2
VOYAGEUR PUBLISHING AND EVENTS LIMITED,Bristol,,2
Wailian Education Group Limited,London,,2
Wandle Learning Trust,London,,2
Warriors TMA Academy Limited,Coventry,West Midlands,2
"Waseda Academy UK Co., Limited",London,,2
Wavereley Education Foundation Trust,Birmingham,,2
Welcome Skills Holdings UK Ltd,South Croydon,Surrey,2
WENLIN EDUCATION LTD,London,,2
West Hertfordshire Teaching Hospitals NHS Trust,Watford,Hertfordshire,2
West London Students' Union,Ealing,London,2
West Midlands Academy Trust,Birmingham,,2
Western House Academy,Slough,Berkshire,2
Westfield Academy,Watford,Hertfordshire,2
WESTMID ACADEMY LTD,BIRMINGHAM,,2
Westminster Academy,London,Greater London,2
Westminster Education and Cultural Exchange Centre Limited,London,,2
White Label Publishing Ltd,Croydon,London,2
White-eagles Educational Services Limited,Nottingham,Nottinghamshire,2
WHITEFOX PUBLISHING LIMITED,London,Greater London,2
WHIZZ EDUCATION LIMITED,London,,2
Willow Learning Trust,Sutton,Surrey,2
WINSOR SKILLS TRAINING LTD,Birmingham,West Midlands,2
Wiselinx Executive Education Company Limited,London,,2
WMG Academy for Young Engineers,Coventry,West Midlands,2
Woodlands Early Learning LTD,Southampton,Hampshire,2
Workforce Training & Development Ltd,London,,2
World Learning Academy Limited t/a Galaxy Tuition,London,,2
Wren Academy,London,,2
X-Press Container Line (UK) Limited,Southampton,,2
Xavier Catholic Education Trust,Chertsey,Surrey,2
XWORKS TRAINING LIMITED T/A Smileworks Aesthetic Training HUB,Liverpool,,2
Yale University Press London,London,,2
YAMAN ACADEMY LTD,LONDON,,2
Ying Fan Education Service Company Limited,London,,2
Yingtong Education Consultancy Ltd,London,,2
YMCA Indian Student Hostel,London,,2
York & Scarborough Teaching Hospitals NHS Foundation Trust,York,North Yorkshire,2
Yorkshire Canine Academy Ltd,Leeds,West Yorkshire,2
Youtu Overseas Education Consultancy Ltd,Manchester,,2
YUGO STUDENTS (UK) LIMITED,Bristol,,2
ZENITH ACADEMY OF HEALTHCARE STUDIES LTD,London,,2
ZERONE EDUCATION&TRAINING LIMITED,London,,2
ZigZag Education,Bristol,Bristol,2
Abbey College,Huntingdon,Cambs,1
Abbey DLD Colleges Ltd,Cambridge,,1
Abertay University,Dundee,Tayside,1
Aberystwyth University,Aberystwyth,Ceredigion,1
Abingdon and Witney College,Abingdon,Oxfordshire,1
Acculearn Trading Limited T/A Cranbrook College,London,Essex,1
Agri- Food and Biosciences Institute,Belfast,Antrim,1
Al-Mahdi Institute,Birmingham,West Midlands,1
ALL SAINTS CATHOLIC COLLEGE,LONDON,,1
American Institute for Foreign Study (UK) Limited,London,,1
Ampleforth Abbey and College,York,North Yorkshire,1
Aneurin Bevan University Health Board,Cwmbran,Torfaen,1
Anglia Ruskin University,Chelmsford,Essex,1
Anglo Chinese School of London Limited,London,,1
Aquinas College,Stockport,,1
Arcadia University,Holborn,London,1
Archbishop beck catholic college,Liverpool,,1
Architectural Association School of Architecture,London,,1
Arts University Bournemouth,Poole,Dorset,1
Arts University Plymouth,Plymouth,Devon,1
Ashbourne College,London,,1
Ashorne Hill Management College,Leamington Spa,Warwickshire,1
Ashville College,Harrogate,N Yorkshire,1
Association of Colleges,London,,1
Association of Commonwealth Universities (Head Office),London,,1
Aston University,Birmingham,,1
Aylesbury College,Aylesbury,Bucks,1
Babraham Institute,Cambridge,Cambridgeshire,1
Bangor University,Bangor,Gwynedd,1
Barking & Dagenham College,Romford,Essex,1
Barking Havering and Redbridge University Hospitals NHS Trust,Romford,Essex,1
Barnet and Southgate College,Herts,,1
Barnsley College,Barnsley,South Yorkshire,1
Bath College,Bath,,1
Bath Spa University,Bath,,1
"BCS, The Chartered Institute for IT",Swindon,Wiltshire,1
Bedford College,Bedford,Bedfordshire,1
Belfast School of Theology,Belfast,,1
Bellerive FCJ Catholic College,Liverpool,Merseyside,1
BELLMONT COLLEGE LIMITED,London,,1
Bexhill College,Bexhill,East Sussex,1
Birkbeck College,London,,1
Birmingham Christian College,Birmingham,,1
Birmingham Newman University,Birmingham,West Midlands,1
Bishop Burton College,Bishop Burton,East Riding of Yorkshire,1
Blackpool and The Fylde College,Blackpool,Lancashire,1
Blessed Thomas Holford Catholic College,Altrincham,Cheshire,1
Boston College,Boston,Lincolnshire,1
Bournemouth University,Poole,Dorset,1
Bradfield College,Reading,Berkshire,1
Brampton College,London,,1
Brigham Young University Limited,London,,1
Brighton College,Brighton,East Sussex,1
BRISTOL SCHOOL OF ACTING LTD,Bristol,,1
Britannia School of Academics Ltd,London,,1
British Horological Institute Ltd,Newark,Notts,1
Brockenhurst College,Brockenhurst,Hampshire,1
Brockhill Park Performing Arts College,Hythe,Kent,1
Brooklands College,Weybridge,Surrey,1
Brunel University London,Uxbridge,,1
Buckinghamshire New University,Buckinghamshire,,1
Burnley College,Burnley,,1
Business School England Limited,London,,1
CAETOP COLLEGE LONDON LTD,Ilford,,1
CAMBRIDGE COLLEGE OF MANAGEMENT AND SCIENCES LTD,Birmingham,,1
Cambridge Muslim College,Cambridge,,1
Cambridge Regional College,Cambridge,Cambs,1
Cambridge Seminars College,Cambridge,,1
Cambridge Star College Ltd,Cambridge,,1
Cambridge Stoke College Limited,Sudbury,Suffolk,1
Cambridge University Boat Club,Cambridge,,1
Cambridge University Hospitals NHS Foundation Trust,Cambridge,,1
Campbell College,Belfast,,1
Canary Wharf College,London,,1
Canterbury Christ Church University,Canterbury,Kent,1
Capital City College Group,London,,1
Cardiff and Vale College,Cardiff,,1
Cardiff and Vale University Health Board,Cardiff,,1
Cardiff Metropolitan University,CARDIFF,,1
Cardiff University,Cardiff,,1
Carshalton Boys Sports College,Carshalton,Surrey,1
CASPIAN SCHOOL OF ACADEMICS LTD,London,,1
CECOS College London,London,,1
Central School of Ballet,London,,1
CFA Institute,London,,1
Chartered Institute of Arbitrators,London,,1
Chartered Institute of Building,Bracknell,Berkshire,1
Chartered Institute of Export & International Trade,Peterborough,,1
Chartered Institute of Internal Auditors,London,,1
Chartered Institute of Personnel and Development,Wimbledon,London,1
Chartered Institute of Public Finance and Accountancy (CIPFA),London,,1
Chartered Management Institute,Corby,,1
Chelmsford College,Chelmsford,Essex,1
Cheltenham College,Cheltenham,Gloucestershire,1
Cheltenham Ladies' College,Cheltenham,Glos,1
Cherwell College Oxford Ltd,Oxford,Oxfordshire,1
Cheshire College South & West,Crewe,Cheshire,1
Chesterfield College,Chesterfield,Derbyshire,1
Chesterton Community College,Cambridge,Cambridgeshire,1
Cheung Kong Graduate School of Business (Europe) Limited,London,,1
Chichester College Group,Chichester,United Kingdom,1
Christ College,Brecon,Powys,1
Christ the King College,Newport,Isle of Wight,1
CHRIST THE REDEEMER COLLEGE,HARROW,,1
Christ's College,Cambridge,Cambridgeshire,1
Christ's College Finchley,London,,1
Christian International Theological College,Edinburgh,Midlothian,1
Christopher Whitehead Langauge College and Sixth Form,Worcester,,1
Churcher's College,Petersfield,Hampshire,1
Churchill College,Cambridge,,1
City College Limited,Birmingham,,1
City College Peterborough,Peterborough,Cambridgeshire,1
City College Plymouth,Plymouth,Devon,1
CITY COLLEGE STRATFORD COMMUNITY INTEREST COMPANY,London,,1
City of Glasgow College,Glasgow,,1
CITY OF LONDON COLLEGE (CLC) LTD,"London,",,1
"City St George's, University of London",London,,1
Clare College,Cambridge,,1
"Clare Hall, University of Cambridge",Cambridge,,1
Cliff College,Hope Valley,Derbyshire,1
CNM The College of Naturopathic Medicine,East Grinstead,West Sussex,1
CNM The College of Naturopathic Medicine Limited,East Grinstead,West Sussex,1
Colchester Institute,Colchester,Essex,1
COLLEGE FOR INTERNATIONAL COOPERATION AND DEVELOPMENT,Winestead,Hull East Riding Of Yorkshire,1
College Francais Bilingue de Londres Ltd,London,,1
College Health Ltd,Grays,Essex,1
College of Dentistry Limited,Birmingham,West Midlands,1
COLLEGE OF I.T & ECOMMERCE LTD,Hainault,Essex,1
COLLEGE OF LONDON LIMITED,London,,1
College of Optometrists,London,,1
College Street Post Office,Merseyside,,1
College Surgery Partnership,Cullompton,Devon,1
Collingwood College,Camberley,Surrey,1
Colmers School and Sixth Form,Birmingham,West Midlands,1
Commonwealth College of Excellence Ltd,London,,1
Condover College Ltd,Shrewsbury,Shropshire,1
Cornwall College,Redruth,Cornwall,1
Corpus Christi College,Cambridge,,1
Courtauld Institute of Art,London,,1
Coventry College,Coventry,,1
Coventry University,Coventry,West Midlands,1
Cranfield University,Bedford,Bedfordshire,1
Cranford Community College,Middlesex,,1
Crisis Prevention Institute Inc T/A CPI Europe Inc.,Sale,,1
Croydon College,Croydon,Surrey,1
Croydon Metropolitan College,Croydon,,1
Croydon School of Accountancy and Management,London,,1
"CUA Hotel Limited, University Arms & Parkers Tavern",Cambridge,Cambridgeshire,1
Cwm Taf Morgannwg University Health Board,Abercynon,Rhondda Cynon Taff,1
CWSH CWS & College of Esports Limited,London,,1
Darwin College,Cambridge,,1
David Game College Ltd,London,,1
De Montfort University,Leicester,,1
Denstone College,Uttoxeter,Staffs,1
Derby College,Derby,Derbyshire,1
DN Colleges Group,Doncaster,,1
DOREEN BIRD COLLEGE OF PERFORMING ARTS,SIDCUP,KENT,1
Dorset HealthCare University NHS Foundation Trust,Poole,Dorset,1
Dover College,Dover,Kent,1
Downing College,Cambridge,,1
DPI - Democratic Progress Institute,London,,1
Dulwich College,London,,1
Dumfries and Galloway College,Dumfries,,1
Ealing Independent College,Ealing,London,1
Earlham Institute,Norwich,,1
East Coast College,Lowestoft,,1
East Kent Hospitals University NHS Foundation Trust,Canterbury,Kent,1
East London Community College Ltd,London,,1
East Sussex College Group,Eastbourne,East Sussex,1
Eastbourne College,Eastbourne,East Sussex,1
Ebrahim Community College,London,,1
EDA College Ltd,Birmingham,,1
Eden College of Human Resource Development and Management Studies Limited,Romford,,1
Edge Hill University,Ormskirk,Lancashire,1
Edinburgh Napier University,Edinburgh,,1
EDULAND COLLEGE LIMITED,Essex,,1
ELIZABETH SCHOOL OF LONDON LIMITED,London,,1
Eltham College,London,,1
EMBS Community College Ltd,Oxford,Oxfordshire,1
Emperia College LImited,Luton,,1
Energy Institute,London,,1
Epsom and St Helier University Hospitals NHS Trust,Carshalton,Surrey,1
Epsom College,Epsom,Surrey,1
ESCP Europe Business School,LONDON,,1
Essex Partnership University NHS Foundation Trust,Wickford,Essex,1
ETON COLLEGE,NR WINDSOR,BERKSHIRE,1
EUROPEAN SCHOOL OF ECONOMICS - ESE INSIGHT LIMITED,LONDON,,1
FACULTY OF PUBLIC HEALTH OF THE ROYAL COLLEGES OF PHYSICIANS OF THE UNITED KINGDOM,LONDON,,1
Fairfield School of Business Ltd,London,,1
Falmouth University,Falmouth,Cornwall,1
FASTISPEED LIMITED T/A British Creative Institute,Birmingham,West Midlands,1
Felixstowe International College,Felixstowe,Suffolk,1
Fettes College,Edinburgh,,1
Find A University Ltd,Sheffield,S Yorkshire,1
Finnish Institute in the UK and Ireland sr,London,London,1
Fitzwilliam College in the University of Cambridge,Cambridge,,1
Florida State University International Programs Association UK,London,,1
Foodyarj Ltd T/A University Plaice,Bangor,Wales,1
FORDHAM UNIVERSITY UK CHARITABLE TRUST,London,,1
Forth Valley College,Falkirk,,1
Framlingham College,Framlingham,Suffolk,1
Freman College,Buntingford,Hertfordshire,1
Fullhurst Community College,Leicester,,1
Gateway International College,London,,1
Gemological Institute of America London (GIA England t/a GIA London),London,,1
George Watson's College,EDINBURGH,,1
Georgetown University (USA) UK Initiatives Organisation,London,Aldwych,1
German Historical Institute,London,,1
Girton College,Cambridge,Cambs,1
Glasgow Caledonian University,Glasgow,,1
Glenalmond College,PERTH,,1
Global Carbon Capture and Storage Institute Ltd,London,,1
Global North London Business School Limited,London,,1
GLOBAL SCHOOL OF MANAGEMENT LTD,London,,1
Gloucestershire College,Cheltenham,Glos,1
Golders Green College and School of English Limited,London,,1
"Goldsmiths, University of London",London,,1
Gonville and Caius College,Cambridge,,1
Graduate School of Management,Chertsey,,1
Grantham College,Grantham,Lincolnshire,1
Green Finance Institute Ltd,London,,1
Greenwich Foundation for the Old Royal Naval College,Greenwich,London,1
Haileybury College,Hertford,Herts,1
Harlaxton College,Grantham,Lincolnshire,1
Harlow College,Harlow,Essex,1
Harper Adams University,Newport,Shropshire,1
Harrow Independent College,London,,1
Hartpury University,Gloucester,Gloucestershire,1
Havant & South Downs College,Havant,Hampshire,1
Haward College London Limited,London,,1
Haybrook College Trust,Slough,Berkshire,1
Health Sciences University,Bournemouth,Dorset,1
Heart of Worcestershire College,Redditch,Worcestershire,1
Heriot-Watt University,EDINBURGH,,1
Hertford Regional College,Ware,Hertfordshire,1
Hertfordshire Partnership University NHS Foundation Trust,Hatfield,Hertfordshire,1
Hertfordshire School of Language Ltd,Enfield,Middx,1
Hillcrest School and Sixth Form Centre,Birmingham,West Midlands,1
Hills Road Sixth Form College,Cambridge,Cambridgeshire,1
HOCKERILL ANGLO-EUROPEAN COLLEGE LTD.,Bishop's Stortford,Hertfordshire,1
Holly Lodge Girls' College,Liverpool,,1
Holly Lodge High School College of Science,West Midlands,,1
Holyport College,MAIDENHEAD,BERKSHIRE,1
Homerton College,Cambridge,Cambridgeshire,1
Hugh Baird College,Liverpool,,1
Hult International Business School,Bloomsbury,London,1
Hurstpierpoint College Ltd,Hassocks,,1
Hymers College,HULL,East Riding of Yorkshire,1
ILFORD COLLEGE OF BUSINESS MANAGEMENT LIMITED,"Ilford, Essex,",,1
Impact Investing Institute,London,,1
Impel College Of London Ltd,Hayes,,1
INSPIRE CONNECT COLLEGE & RECRUITMENT LTD,Hounslow,MIDDLESEX,1
Inspire London College Limited,London,,1
Inspire Middlesex College Ltd,Hounslow,,1
Institute for Employment Studies,HOVE,East Sussex,1
Institute for Fiscal Studies,London,,1
Institute for Government,London,,1
Institute for Strategic Dialogue,London,,1
Institute for Sustainable Philanthropy,Plymouth,,1
Institute for the Future of Work,London,,1
Institute for Voluntary Action Research,London,,1
Institute of Advanced Motorists,Welwyn Garden City,Herts,1
Institute of Art and Law Limited,Builth Wells,Powys,1
Institute of Art London Limited,London,,1
Institute of Chartered Shipbrokers,London,London,1
Institute of Contemporary Arts,London,,1
Institute of Development Studies,Brighton,E. Sussex,1
Institute of Directors,London,,1
Institute of Economic Affairs Limited,London,,1
INSTITUTE OF INTEGRATED SYSTEMIC THERAPY,LONDON,,1
Institute of Occupational Medicine,Penicuik,,1
Institute of Risk Management,London,,1
International Institute for Anti - Ageing,London,,1
International Institute for Environment and Development,London,,1
International School of Creative Arts,"Wexham, Slough",Bucks,1
International School of London,London,,1
International School of Veterinary Postgraduate Studies Limited,Swindon,,1
Irshad Trust t/a The Islamic College,London,,1
Isle of Wight College,Newport,Isle of Wight,1
Jak(Leics)Ltd T/A East Midlands School of Business & Management,Leicester,Leicestershire,1
James Paget University Hospitals NHS Foundation Trust,Great Yarmouth,Norfolk,1
Jesus College,Cambridge,Cambs,1
John Brown University Northern Ireland,Belfast,,1
Karimia Institute,Nottingham,,1
Keele University - Human Resources,Newcastle-under-Lyme,Staffordshire,1
Kensington College of Business,London,,1
Kent Business College Ltd,Maidstone,Kent,1
Kent College,Kent,,1
Kent College Pembury,Tunbridge Wells,Kent,1
King's College,Cambridge,Cambridgeshire,1
King's College Hospital Charity,London,,1
King's College London,London,,1
King's College London Business Limited,Newquay,,1
King's College School,Wimbledon,London,1
Kingdom College Limited,London,Middlesex,1
Kings College Hospital NHS Foundation Trust,Camberwell,,1
Kings International College,CAMBERLEY,Surrey,1
Kings Norton Girls' School & Sixth Form,Birmingham,,1
Kingsthorpe College,Northampton,Northamptonshire,1
Kingston University,Kingston upon Thames,Surrey,1
Kirklees College,Huddersfield,West Yorkshire,1
Lakes College West Cumbria,Workington,Cumbria,1
Lancaster and Morecambe College,Lancaster,,1
Lancaster University,Lancaster,Lancashire,1
Lancing College Limited,Lancing,West Sussex,1
LATIMER WARD CONSERVATIVE INSTITUTE LTD,LEICESTER,,1
Lea Manor High School Performing Arts College,Luton,Bedfordshire,1
Leeds Beckett University,LEEDS,,1
Leeds Trinity University,Leeds,West Yorkshire,1
Leicester College,Leicester,,1
Leo Baeck College,London,,1
Lincoln Bishop University,Lincoln,Lincolnshire,1
Lincoln College,Lincoln,,1
Lingfield College,Lingfield,Surrey,1
Little Jungle - School of Early Childhood,London,,1
Liverpool College Independent School Trust,Liverpool,Merseyside,1
Liverpool Hope University,Liverpool,,1
Liverpool John Moores University,Liverpool,,1
Liverpool School of English Limited,Liverpool,Merseyside,1
Liverpool School of Tropical Medicine,Liverpool,Merseyside,1
Liverpool University Hospitals NHS Foundation Trust,Liverpool,Merseyside,1
London and South East University Group,Greenwich,Greater London,1
London Brookes College,London,,1
London Business School,London,,1
LONDON CHURCHILL COLLEGE LTD,London,,1
London College for Professionals,London,United Kingdom,1
London College of Business Studies,Ilford,Essex,1
London College of Professional Studies Ltd,London,,1
London College of Science & Management LTD,Holborn,London,1
LONDON GLOBAL BUSINESS SCHOOL LTD,LONDON,England,1
London Graduate College Ltd,Birmingham,West Midlands,1
London Metropolitan University,London,,1
London North West University Healthcare NHS Trust,Harrow,Middlesex,1
London Online College Ltd,Hayes,,1
London Paragon College Ltd,Acton,London,1
London Professional College Ltd,London,,1
London PT College Limited,London,,1
London School of Business Administration Ltd,London,,1
London School of Commerce (A Division of St.Piran's School (GB) Limited,London,,1
LONDON SCHOOL OF EXCELLENCE LTD,HORNCHURCH,Essex,1
London School of Hygiene & Tropical Medicine,London,Greater London,1
London School of Mathematics and Programming Ltd.,London,,1
LONDON SCHOOL OF MEDICAL & HEALTH SCIENCES LIMITED,London,,1
London School of Social and Management Sciences,Ilford,Essex,1
London School of Theology,Northwood,Middlesex,1
London South Bank University,London,,1
London Vocational College Limited,Ilford,,1
Longcroft School and Sixth Form College,Driffield,East Riding of Yorkshire,1
Lord Wandsworth College,Hook,Hampshire,1
Loughborough College Group,Loughborough,Leciestershire,1
Loughborough University,Loughborough,Leicestershire,1
Lucy Cavendish College,Cambridge,Cambridgeshire,1
Luton Sixth Form College,Luton,Bedfordshire,1
Lutterworth College,Lutterworth,Leicestershire,1
Magdalen College School,Oxford,,1
Magdalene College in the University of Cambridge,Cambridge,,1
Magna Carta College,SLOUGH,,1
MAKTAB TARIGHAT OVEYSSI SHAHMAGHSOUDI (SCHOOL OF ISLAMIC SUFISM),London,,1
Malbank School and Sixth Form College,Nantwich,Cheshire,1
MALVERN COLLEGE,MALVERN,WORCESTERSHIRE,1
Manchester University NHS Foundation Trust,Manchester,,1
Maritime + Engineering College North West (trading as the Engineering College),Birkenhead,Wirral,1
Marlborough College,Marlborough,Wiltshire,1
Materials Processing Institute,Middlesbrough,North Yorkshire,1
Maunder's School Of Popular Music,MANCHESTER,,1
MERTON COLLEGE LONDON LTD,Walton-on-Thames,,1
Middlesbrough College,Middlesbrough,Cleveland,1
Middlesex University,London,,1
MidKent College,Gillingham,Kent,1
Mile College Ltd,Oldham,Greater Manchester,1
Milton Keynes University Hospital NHS Foundation Trust,Milton Keynes,Bucks,1
MLA College Ltd,Plymouth,Devon,1
Moller Institute Limited,Cambridge,Cambridgeshire,1
Money and Mental Health Policy Institute,London,,1
Mont Rose College of Management and Sciences,Ilford,,1
Moor House School & College,Oxted,Surrey,1
Moorlands College,Christchurch,Dorset,1
MY COLLEGE LIMITED,London,,1
Myddelton College,Denbigh,,1
National Institute for Health and Care Excellence,Manchester,Greater Manchester,1
National Institute of Economic and Social Research,London,,1
NAVYA SCHOOL OF DANCE LTD T/A NAVYA SCHOOL OF DANCE,Middx,,1
Nazarene Theological College,Manchester,,1
Neath Port Talbot College,Neath,,1
New City College Corporation,London,,1
New College Capital Ltd,London,,1
New College Durham,Framwellgate Moor,County Durham,1
New College Swindon,Swindon,Wiltshire,1
New College Worcester,Worcester,,1
NEWBOLD COLLEGE,BRACKNELL,BERKSHIRE,1
Newbury College,Newbury,Berkshire,1
Newcastle University,Newcastle Upon Tyne,,1
Newnham College,Cambridge,Cambridgeshire,1
Nomura Research Institute Europe Limited,London,,1
Norfolk and Norwich University Hospitals NHS Foundation Trust,Norwich,Norfolk,1
North East Scotland College,Aberdeen,Aberdeenshire,1
North Middlesex University Hospital NHS Trust,London,,1
NORTH WEST REGIONAL COLLEGE,LONDONDERRY,LONDONDERRY,1
Northeastern University - London,London,,1
Northern School of Contemporary Dance,Leeds,,1
Northumbria University,Newcastle Upon Tyne,,1
Northwick Park Institute for Medical Research,Harrow,Middx,1
Norwich University of the Arts,Norwich,,1
Notting Hill College Ltd,Salford,,1
Nottingham College,Nottingham,,1
Nottingham Trent University - Human Resources,Nottingham,Nottinghamshire,1
Nottingham University Hospitals NHS Trust,Nottingham,Nottinghamshire,1
Oak Hill Theological College,London,,1
Oaklands College,St Albans,Herts,1
OLC College Limited,Manchester,,1
Online Business School Limited,Coventry,,1
Open College Network London Region,London,,1
Oxford Brookes University,Oxford,Oxfordshire,1
Oxford College of Business,London,,1
Oxford Institute for Energy Studies,Oxford,Oxfordshire,1
Oxford School of English,Oxford,,1
Oxford University Hospitals NHS Trust,Oxford,,1
OXONS COLLEGE LIMITED,London,,1
Pangbourne College,READING,Berks,1
Pembroke College,Cambridge,,1
Perinatal Institute,Birmingham,,1
Perth College,Perth,,1
Peter Symonds College,Winchester,Hampshire,1
Phoenix College LTD,London,,1
Picker Institute Europe,Oxford,,1
Platanos College,London,,1
Portland College,Mansfield,Nottinghamshire,1
Portsmouth Hospitals University NHS Trust,Portsmouth,Hampshire,1
Presidency London College Limited,London,,1
Prosperity Institute Limited,London,,1
Quadram Institute Bioscience,Norwich,Norfolk,1
Queen Ethelburgas College,York,North Yorkshire,1
Queen Mary University of London,London,,1
"Queen's College, London",London,,1
Queen's University Belfast,Belfast,,1
Queens' College,Cambridge,Cambridgeshire,1
Radley College,Abingdon,Oxon,1
Ratcliffe College,Leicester,Leicestershire,1
Ravensbourne University London,London,,1
RAYNERS COLLEGE LONDON LIMITED,HAYES,,1
Redborne Upper School and Community College,Ampthill,Bedfordshire,1
Reepham High School and College,Norwich,Norfolk,1
Regent College,Harrow,Middlesex,1
Regent's University London Limited,London,,1
Rendcomb College,Nr Cirencester,Gloucestershire,1
Research Triangle Institute,Greater Manchester,,1
Responsible Leadership Foundation Limited t/a Forward Institute,London,,1
Restorative Justice For All International Institute CIC,London,,1
"Richmond, The American International University in London",London,,1
Risedale Sports and Community College,Catterick Garrison,North Yorkshire,1
Robert Clack School of Science,Dagenham,Essex,1
Robert Gordon's College,Aberdeen,Aberdeenshire,1
Robinson College,Cambridge,,1
Roehampton University,London,,1
Rose Bruford College,Kent,,1
Royal Agricultural University,Cirencester,Gloucestershire,1
Royal College of Art,London,,1
Royal College of Music,London,,1
Royal College of Nursing,London,-- State/Province --,1
Royal College of Obstetricians & Gynaecologists,London,,1
Royal College of Surgeons of England,London,,1
Royal College of Veterinary Surgeons,London,,1
Royal Conservatoire of Scotland,Glasgow,,1
Royal Devon University Healthcare NHS Foundation Trust,Exeter,Devon,1
Royal Holloway and Bedford New College,Egham,Surrey,1
Royal Institute of Chartered Surveyors,London,,1
Royal Northern College of Music,Manchester,,1
Royal Veterinary College,Hatfield,Hertfordshire,1
Royale Business College,Birmingham,West Midlands,1
S P Jain London School of Management Limited,London,,1
Salesian College Farnborough Limited,Farnborough,Hampshire,1
Salford City College Group,Salford,,1
Salvatorian College,Harrow,London,1
Samsung Electronics Research & Development Institute UK,Staines,Middlesex,1
ScaleUp Institute,London,,1
Scarborough College,Scarborough,North Yorkshire,1
School of Business and Management Ltd,London,,1
School of Coding Limited,Wolverhampton,West Midlands,1
School of Hard Knocks,London,,1
School of Oriental and African Studies,London,,1
School of Sign Language Limited,Blackburn,Lancashire,1
School of Wok Ltd,London,,1
Scotland's Rural College,Edinburgh,,1
Selwyn College,Cambridge,,1
Shah investments holding ltd T/A Subway Bradford University Store,Bradford,,1
Sheffield Hallam University,Sheffield,South Yorkshire,1
Shooters Hill Sixth Form College,London,,1
Sidney Sussex College,Cambridge,Cambridgeshire,1
Sir George Monoux College,London,,1
Sir John Hunt Community Sports College,Plymouth,,1
Solent University Limited,Southampton,Hampshire,1
Solihull College & University Centre,Solihull,West Midlands,1
South and City College Birmingham,Birmingham,West Midlands,1
South Bank Colleges,London,,1
South Eastern Regional College,Ballynahinch,Down,1
South Gloucestershire and Stroud College,Stroud,,1
South Hampshire College Group,Fareham,Hampshire,1
South Lanarkshire College,East Kilbride,,1
South Thames Colleges Group,Kingston upon Thames,Surrey,1
Southbourne School of English,Bournemouth,,1
Sparsholt College Hampshire,Winchester,Hants,1
St Aloysius' College,Glasgow,,1
St Benedict's Catholic College,Colchester,Essex,1
St Catharine's College,Cambridge,,1
St Charles Catholic Sixth Form College,London,,1
St Columba's College,St Albans,Hertfordshire,1
St Dominic's Sixth Form College,Harrow-on-the-Hill,Middlesex,1
St Edmund's College,Ware,Hertfordshire,1
St Ignatius College,Enfield,,1
"St John's College, Cambridge",Cambridge,Cambridgeshire,1
St Johns College,Durham,,1
St Joseph's College,Ipswich,Suffolk,1
St Joseph's College Reading,Reading,Berkshire,1
St Mary's University,Twickeham,,1
St Mellitus College Trust,London,,1
St Peter's High School & Sixth Form Centre,Gloucester,Gloucestershire,1
St. Annes School Sixth Form College and residence,Hessle,East Riding of Yorkshire,1
St. John Bosco College,Battersea,London,1
St. Joseph's College,London,,1
St. Lawrence University (USA) London Programme,London,,1
Stanmore College,Stanmore,Middlesex,1
Stratford College London Limited,London,,1
Suffolk New College,Ipswich,,1
Swansea Bay University Local Health Board,Port Talbot,,1
Swansea University,Swansea,,1
Syracuse University London Program,London,,1
Taseen Cuisine Limited T/A School of Spice,Plymouth,,1
TEIKYO UNIVERSITY OF JAPAN IN DURHAM,DURHAM,DURHAM,1
The Abbey College,Malvern,Worcestershire,1
The Aga Khan University (International) in the United Kingdom,London,,1
The Alan Turing Institute,London,,1
The Beatson Institute for Cancer Research,Glasgow,East Dunbartonshire,1
The Betsi Cadwaladr University Health Board,Wrexham,,1
The British Institute of International and Comparative Law,London,,1
The Chartered Institute for Securities & Investment,London,,1
The Chartered Institute of Logistics and Transport,Corby,,1
The City of Leicester College,Leicester,,1
The City of Liverpool College,Liverpool,Merseyside,1
The College of Health Ltd t/a The McTimoney College of Chiropractic,Abingdon,Oxfordshire,1
The College of Optometrists,London,UNITED KINGDOM,1
The College of Richard Collyer,Horsham,West Sussex,1
The College of St Barnabas,Lingfield,Surrey,1
The College of West Anglia,King's Lynn,Norfolk,1
The College Practice,London,,1
The Engineering and Design Institute London,London,,1
The Faraday Institute for Science and Religion,Cambridge,,1
The Forensic Institute (Edinburgh) Ltd,Glasgow,,1
The Francis Crick Institute Limited,London,,1
The Glasgow School of Art,Glasgow,,1
The Hayling College,Hayling Island,Hampshire,1
The Henley College,Oxfordshire,,1
The Incorporated Bishop's Stortford College Association,Bishop's Stortford,Hertfordshire,1
The Institute of Cancer Research,London,London,1
The Institute of Certified Bookkeepers (ICB),London,London,1
The Institute of Ismaili Studies,London,,1
The Institute of Materials Minerals & Mining,London,,1
The Institute of Physics,London,,1
The Institute of Sustainability and Environmental Professionals,March,Cambridgeshire,1
The International Institute for Strategic Studies,London,,1
The James Hutton Institute,Dundee,,1
The Liverpool Institute for Performing Arts,Liverpool,,1
The London College of Homeopathy Ltd,Hounslow,,1
The London College of Style Ltd,London,,1
The London School of Economics and Political Science,London,,1
The London School of English Limited,London,,1
The Master and Fellows of Emmanuel College in the University of Cambridge,Cambridge,,1
The National Mathematics & Science College,Coventry,England,1
The Needham Research Institute,Cambridge,Cambridgeshire,1
The Oaks Specialist College,Tonbridge,Kent,1
The Oldham College,Oldham,Lancashire,1
The Pirbright Institute,Surrey,,1
"The President and Fellows of Murray Edwards College, founded as New Hall, in the University of Cambridge",Cambridge,,1
The Prime College Limited,London,England,1
The Property Institute,London,,1
The Robert Gordon University,Aberdeen,Aberdeenshire,1
The Rosalind Franklin Institute,Didcot,Oxfordshire,1
The Royal Central School of Speech and Drama,London,,1
The Royal College of Ophthalmologists,London,,1
The Royal College of Psychiatrists,London,,1
The Royal College of Radiologists,London,,1
The Royal College of Surgeons of Edinburgh,Edinburgh,Midlothian,1
The Royal Institute of International Affairs,London,,1
The Royal Northern And University Club,Aberdeen,,1
The Royal United Services Institute,London,,1
The Scotch Whisky Research Institute,Edinburgh,,1
The Scotland College of Chiropractic Charitable Trust,Edinburgh,,1
The Society of College National and University Libraries,London,,1
The Staff College,Manchester,,1
The Talland School of EQuitation LLP,Cirencester,Glos,1
The United World Colleges (International),London,,1
The University of Buckingham,Buckingham,Buckinghamshire,1
The University of Cambridge,Cambridge,Cambridgeshire,1
The University of Manchester,Manchester,,1
The University of Northampton,Northampton,,1
The University of Nottingham Health Service,Nottingham,,1
The University of Salford,Salford,,1
The University of Sheffield,Sheffield,South Yorkshire,1
The University of West London,London,,1
The University of Winchester,Winchester,Hampshire,1
The University of Worcester,Worcester,,1
The World Universities Insight Limited,London,,1
Thornton College,Milton Keynes,Buckinghamshire,1
Thrombosis Research Institute,London,,1
TLC College Ltd,Wolverhampton,,1
Tony Blair Institute,London,,1
Trent College Limited,Long Eaton,Nottingham,1
Trinity College,Cambridge,Cambridgeshire,1
Trinity College Bristol,Bristol,,1
Trinity College Dublin at Belfast,Belfast,Antrim,1
Truro and Penwith College,Truro,Cornwall,1
Tyndale House and Institute,Cambridge,Cambridgeshire,1
Tyne Coast College,South Shields,Tyne and Wear,1
UK Business College Ltd T/A UKBC (UK Business College),Leicester,,1
UK HUA DZAN AMITABHA COLLEGE LTD,London,,1
UK MANAGEMENT COLLEGE LTD,Manchester,,1
UK Sports Institute,Manchester,,1
ULI- The Urban Land Institute,London,,1
UNIQUE SIXTH FORM,EDMONTON,,1
United Colleges Group,London,,1
United World College of the Atlantic Ltd,Llantwit Major,,1
Universities and Colleges Christian Fellowship,Oxford,,1
Universities Superannuation Scheme Limited,Liverpool,,1
University Campus of Football Business Limited,Wembley,,1
University Centre Somerset College Group,Bridgwater,Somerset,1
University College Birmingham,Birmingham,,1
University College School,London,,1
University for the Creative Arts,Surrey,,1
University Health Service Southampton,Southampton,Hampshire,1
University Hospital Southampton NHS Foundation Trust,Southampton,Hampshire,1
University Hospitals Birmingham NHS Foundation Trust,Edgbaston,Birmingham,1
UNIVERSITY HOSPITALS COVENTRY AND WARWICKSHIRE NHS TRUST,COVENTRY,WEST MIDLANDS,1
University Hospitals Dorset,Poole,Dorset,1
University Hospitals North Midlands NHS Trust,Stoke-on-Trent,Staffordhsire,1
University Hospitals of Derby and Burton NHS Foundation Trust,Derby,Derbyshire,1
University Hospitals of Leicester NHS Trust,Leicester,Leicestershire,1
University Hospitals of Morecambe Bay NHS Foundation Trust,Barrow in Furness,Cumbria,1
University Hospitals Plymouth NHS Trust,Plymouth,Devon,1
University Hospitals Sussex NHS Foundation Trust,Chichester,West Sussex,1
University Jewish Chaplaincy,London,,1
University of Aberdeen,Aberdeen,,1
University of Bath,Bath,Bath and North East Somerset,1
University of Bedfordshire,Luton,Bedfordshire,1
University of Birmingham,Birmingham,,1
University of Bolton,Bolton,,1
University of Bradford,Bradford,West Yorkshire,1
University of Brighton,Brighton,East Sussex,1
University of Brighton Academies Trust,Burgess Hill,,1
University of Bristol,Bristol,,1
University of California Trust,London,,1
University of Cambridge Investment Management Limited,Cambridge,,1
University of Chester,Chester,Cheshire,1
University of Chicago Booth School of Business,London,,1
University of Chichester,Chichester,West Sussex,1
University of Cumbria,Carlisle,Cumbria,1
University of Derby,Derby,Derbyshire,1
University of Dundee,Dundee,,1
University of Durham,Durham,,1
University of East Anglia,Norwich,Norfolk,1
University of East London,London,,1
University of Edinburgh,Edinburgh,,1
University of Essex,Colchester,Essex,1
University of Exeter,Exeter,Devon,1
University of Glasgow,Glasgow,Strathclyde,1
University of Gloucestershire,Cheltenham,Gloucestershire,1
University of Huddersfield,Huddersfield,West Yorkshire,1
University of Hull,Hull,,1
University of Kent,Canterbury,Kent,1
University of Lancashire,Preston,Lancashire,1
University of Leeds (Human Resources),Leeds,West Yorks,1
University of Leicester,LEICESTER,Leicestershire,1
University of Lincoln,Lincoln,Lincolnshire,1
University of Liverpool,Liverpool,Merseyside,1
University of London,London,,1
University of Northampton Enterprises Limited,Northampton,,1
University of Notre Dame,London,,1
University of Nottingham,Nottingham,,1
University of Oxford,Oxford,Oxfordshire,1
University of Plymouth,Plymouth,Devon,1
University of Portsmouth,Portsmouth,Hampshire,1
University of Reading,Reading,Berkshire,1
University of South Wales,Pontypridd,,1
University of Southampton,Southampton,Hampshire,1
University of St Andrews,St Andrews,Fife,1
University of St Mark & St John,Plymouth,Devon,1
University of Staffordshire,Stoke on Trent,Staffordshire,1
University of Stirling,Scotland,,1
University of Strathclyde,Glasgow,,1
University of Suffolk,Ipswich,Suffolk,1
University of Sunderland,Sunderland,Tyne and Wear,1
University of Surrey,Guildford,Surrey,1
University of Sussex,Brighton,East Sussex,1
University of Teesside,Middlesbrough,,1
University of the Arts London,London,,1
University of the Highlands and Islands,Inverness,,1
University of the West of England,BRISTOL,Avon,1
University of the West of Scotland,Paisley,,1
University of Ulster,Coleraine,Londonderry,1
University of Wales,Cardiff,,1
University of Wales Trinity Saint David - Lampeter Campus,Lampeter,Ceredigion,1
University of Wales Trinity St. David,Swansea,Glamorgan,1
University of Warwick,Coventry,,1
University of Westminster,London,,1
University of Wolverhampton,Wolverhampton,West Midlands,1
University of York,York,York,1
University Schools Trust,London,,1
Uppingham Community College,Uppingham,Rutland,1
USP College,Benfleet,Essex,1
VICTORIA COLLEGE OF ARTS AND DESIGN LIMITED,London,,1
Waingels College,Reading,Berkshire,1
Walbrook Institute London Limited,London,,1
Walsall College,Walsall,West Midlands,1
Waltham Forest College,London,,1
Waltham International College Ltd,Barking,london,1
Warrington & Vale Royal College,Warrington,Cheshire,1
Warwickshire College Group,Leamington Spa,Warwickshire,1
WATNEY COLLEGE LIMITED,London,,1
Wellington College,Crowthorne,Berks,1
Wentworth  TC Limited (Wentworth College),London,,1
West Dean College - The Edward James Foundation Ltd,CHICHESTER,West Sussex,1
West Face School of Business Ltd,London,,1
West Herts College,Watford,,1
West London Professional College Ltd,Hounslow,London,1
West Midlands Ambulance Service University NHS Foundation Trust,Brierley Hill,West Midlands,1
West Nottinghamshire College,Mansfield,,1
West Suffolk College,Bury St Edmunds,Suffolk,1
West Thames College,Isleworth,Middlesex,1
Westminster College,Cambridge,Cambridge shire,1
Weston College,Weston super Mare,N Somerset,1
WILLIAM COLLEGE LTD,London,,1
Williams College Oxford Programme,Oxford,,1
Wiltshire College & University Centre,Salisbury,Wiltshire,1
Wimbledon College,London,,1
Winchester College,Winchester,Hampshire,1
Windsor Forest Colleges Group,Slough,,1
WOLFSON COLLEGE CAMBRIDGE,CAMBRIDGE,,1
Woodlands Community College,Southampton,Hampshire,1
Wrexham University,Wrexham,,1
Wycliffe College (Incorporated),Stonehouse,Gloucestershire,1
Wyke Sixth Form College,Hull,East Yorkshire,1
Wyvern College,BOTLEY,Hampshire,1
Yavneh College,Herts,Herts,1
Yeovil College,Yeovil,Somerset,1
York College,York,,1
York St John University,YORK,,1
YORKSHIRE COLLEGE LTD,Leeds,West Yorkshire,1
ZONE SCHOOL OF BUSINESS STUDIES LONDON LTD,"London, England",,1
